"","Series","n","tsfeat.Frequency","tsfeat.Entropy","tsfeat.Trend","tsfeat.Season","tsfeat.ACF1","tsfeat.Lambda","tsfeat.Period","sMAPE.Naive2","sMAPE.ARIMA","sMAPE.ETS","sMAPE.ETSARIMA","sMAPE.Legaki","MASE.Naive2","MASE.ARIMA","MASE.ETS","MASE.ETSARIMA","MASE.Legaki"
"1","M47724",678,12,0.395312019845914,0.999321567923489,0.0395932851730212,0.901018123277554,0,"12",0.0373967396277156,0.0874529404809496,0.026906229268682,0.0521554871710813,0.0611268843622385,2.00818893394147,4.89037547454398,1.43598827761669,2.83044890901672,3.346159691254
"2","M47725",792,12,0.336299330742204,0.999912975791826,0.395580036766749,0.688629271652229,0,"12",0.0698526463553315,0.0360563573909673,0.0327363761183454,0.0343837049428624,0.0487361286061953,4.85417640804766,2.55034709333441,2.31747708912694,2.43391209123068,3.42484626195097
"3","M47726",785,12,0.443470267744931,0.995707697514573,0.0892216947513031,0.720971486421302,0,"12",0.0723494188264037,0.0404782778627954,0.0216239392410275,0.0263863401311681,0.0551099872305902,4.66203943905223,2.7015469766695,1.43997896316296,1.77260678202221,3.59723552515572
"4","M47727",677,12,0.342249743686509,0.999969919160783,0.110984116507748,0.764466667401303,0.25,"12",0.05149380913976,0.0157127635514669,0.0200502164800587,0.0178772873282349,0.0339632981749499,2.9710775544488,0.928796745872984,1.18213284514597,1.05546479550948,1.98221004085068
"5","M47728",305,12,0.957877280392138,0.0807610092985543,0.27735604186853,-0.00426782141108596,0,"12",0.273689740497133,0.252375352694491,0.353559789111653,0.298712024163175,0.236283134882095,1.36710804906966,1.14376836127689,1.83887057171008,1.45051387307602,1.22029421028257
"6","M47729",174,12,0.831899466349277,0.726392196215314,0.480376223313866,-0.0504189028661308,0,"12",0.106445857307912,0.166111707008214,0.112453888328884,0.137253889581015,0.0915931498878242,0.431269937916345,0.668871967821217,0.460448371585911,0.549217434360457,0.367608535570709
"7","M47730",174,12,0.770285562910469,0.887722500587662,0.877899413148543,0.129176765290535,0.55,"12",0.110091358601213,0.107714636829516,0.0887563703701024,0.097319452310666,0.124537338267076,1.07702832047562,1.09495789057706,0.875963342232346,0.977787616207499,1.21272266088023
"8","M47731",174,12,0.879109878382885,0.491438874027228,0.401079871291461,-0.103956428982996,0.65,"12",0.0977602701890072,0.133295097248243,0.0863077497586727,0.109923575844404,0.0802217971138362,0.530425504941518,0.749364984875274,0.481820708503272,0.615592846689273,0.451460570721402
"9","M47732",174,12,0.765060759120877,0.933345675766836,0.911566035391702,-0.0195885272946152,0.8,"12",0.0598850394728655,0.0355806505181675,0.0991487565514005,0.0631433991754158,0.0722180169592499,0.660289650103676,0.422635187397912,1.08244873979405,0.712110114570024,0.793633198372665
"10","M47733",169,12,0.91943890564327,0.511540378355654,0.495871729457261,0.141884936382034,0.65,"12",0.191990993127358,0.190953077222579,0.195918246759807,0.19307645970152,0.194595292423409,0.628057467134372,0.635524568078197,0.640690575143944,0.638107571611071,0.637293294723756
"11","M47734",169,12,0.973547784420033,0.259192451231088,0.105165149486138,0.0671663854046246,1,"12",0.148425424033084,0.0858320153281517,0.11074533441498,0.0976615605194932,0.112323135383516,1.05158315935978,0.577823872722662,0.760209072256788,0.663297267444498,0.772058116728571
"12","M47735",169,12,0.83530740225193,0.524353617866569,0.40421875131576,0.247922827513481,1,"12",0.110396289144864,0.127797540676572,0.0824414506561511,0.102544737342745,0.0889764416972201,0.717752879143638,0.836423395094833,0.545600883545447,0.671227642598398,0.590888914377683
"13","M47736",169,12,0.901188403121753,0.530806370256695,0.201929577516083,0.0118252726788006,1,"12",0.166001098548024,0.146623065117276,0.112630992121717,0.127328664757851,0.115257908685568,0.94916126499432,0.844131224421409,0.638340008428279,0.725031764075221,0.655638433725046
"14","M47737",169,12,0.975434170994533,0.231196850704984,0.0818415671020357,-0.0215176777596679,1,"12",0.0777163642981562,0.0644720928412643,0.0569752861536478,0.0607073893934729,0.0567284378630687,0.904649374170419,0.756899844091586,0.671988209781274,0.71444402693643,0.669159431118716
"15","M47738",169,12,0.882364657765817,0.537932098287965,0.0560781678656601,-0.0703470250640297,1,"12",0.0499107436076132,0.0513530670647952,0.0511335136157991,0.0512433119227785,0.0514536589434327,0.69505377232481,0.715238536133244,0.712150712886195,0.713694624509719,0.716667265565939
"16","M47739",183,12,0.673143166559658,0.944182972208365,0.844167303771722,0.658442108810954,1,"12",0.0330063270904383,0.0197502866428589,0.0303436096683032,0.0245094560795744,0.0280042819060886,0.70831439534008,0.423734480199134,0.651506655192634,0.527328758175213,0.603680477847417
"17","M47740",183,12,0.741304855613076,0.942626560928013,0.902256091491302,0.559425687737073,1,"12",0.0506929508078016,0.0186754706342287,0.0491048650804594,0.0307128957003033,0.0406028174771032,1.05771787728918,0.404581194017091,1.06104003721882,0.669023385450679,0.852026293847395
"18","M47741",183,12,0.848150043450715,0.57738841788239,0.715183140164674,0.562831024835968,1,"12",0.0200967928987686,0.0245271213041929,0.019404395546378,0.0107748147379995,0.0179289102887245,0.725757449878193,0.910205687344905,0.700482231371211,0.393406024096442,0.647101570993452
"19","M47742",184,12,0.800125201307335,0.884307041687012,0.93217547612197,0.371683165437851,0.4,"12",0.0220300759149409,0.044565357734618,0.0232871678974558,0.0312379331321606,0.0253995611809688,0.491077020290097,1.00927748274369,0.520521823732399,0.702810488483053,0.568354761792544
"20","M47743",143,12,0.472286722497265,0.988570206525542,0.184260717613259,0.779106626995084,0,"12",0.0492818108243971,0.035212442406072,0.033034972912275,0.0341387695309133,0.0257692350155294,0.461800629913497,0.334163709387258,0.313824696592102,0.32399420298968,0.245877632368327
"21","M47744",127,12,0.724129595838877,0.47372100654539,0.0661093917008285,0.84898673195987,1,"12",0.0922775496473485,0.0110533662135556,0.00664162395958658,0.00881118719056337,0.0974398549771225,1.22178756830259,0.136147229312022,0.0815307147654787,0.108351387729387,1.31041025434606
"22","M47745",234,12,0.424995436636948,0.994401702552752,0.0156456347142976,0.826928368736638,0,"12",0.0844829633555108,0.0840276845943878,0.0376135500466621,0.0612313756684252,0.11660755435819,1.60557988759351,1.59819685526259,0.694647395654883,1.14639433065857,2.26200511041202
"23","M47746",234,12,0.576071316811942,0.928826320866734,0.484308933969202,0.614009817911715,0,"12",0.160181915583187,0.0905275339366312,0.0849352001792242,0.0877334509756848,0.14394554626031,5.27225679928551,3.04656974496722,2.72664110640532,2.88660542568627,4.77714471899914
"24","M47747",234,12,0.419379898616959,0.998487306663359,0,0.931976060317802,0.75,"12",0.0414906372869505,0.0753931351511393,0.044291703951633,0.0600404458860661,0.0570891710538909,0.792314886756615,1.47661391240786,0.847423831769348,1.1620188720886,1.1018167163458
"25","M47748",175,12,0.482986181829627,0.980512424466359,0.0120080433947742,0.72315140822788,0,"12",0.00538477330541643,0,0,0,0.0160169101972564,0.0528853503871719,0,0,0,0.159904087294994
"26","M47749",233,12,0.415451416540292,0.997080725268629,0.0137038212171252,0.731893827011725,0,"12",0.0591627438419452,0.0793976524980605,0.0663437115060458,0.0728995527962563,0.0810241441260567,1.34267136467343,1.82533950705716,1.5123591010754,1.66884930406628,1.86464464927467
"27","M47750",234,12,0.439296589939946,0.991316722801476,0.0222209118090994,0.859851477058054,0,"12",0.109965032166455,0.120906694649996,0.0744062507319729,0.0980181296003457,0.141242813238724,1.52859110956514,1.6936563284076,1.01097080847729,1.35231356844244,2.00374594091642
"28","M47751",234,12,0.433432014688306,0.993286823593693,0.0289065983456355,0.763987900372408,0,"12",0.0571547129831455,0.0692087277145865,0.0684412185595991,0.0660285557922282,0.072886369081164,0.624396661668366,0.744584029636164,0.734894087588996,0.711561573845558,0.805654241031694
"29","M47752",139,12,0.474754047370229,0.987460493173249,0.128652727562488,0.78713365878188,0.55,"12",0.0526951136379749,0.0298520695392897,0.0307798938316442,0.0302802645300525,0.0701118827098186,0.773579013093764,0.429724759816979,0.443432045335709,0.436035799121562,1.04196164670869
"30","M47753",234,12,0.706242195477052,0.812416871479289,0.231438592079775,0.681411742537224,0,"12",0.120913870520144,0.149634695888259,0.12137318981784,0.134851050772147,0.115161677238065,0.73577390934318,0.903996360598221,0.738501965578819,0.818871559899373,0.701928777198177
"31","M47754",175,12,0.440341270554662,0.997690421108655,0.44730964994536,0.55527848930629,0.9,"12",0.0528796415227632,0.0507249488824479,0.0667509607219941,0.058331067525222,0.0759015598291929,0.840405218401324,0.802498186452967,1.06751753633517,0.927542073861235,1.22302987968992
"32","M47755",234,12,0.415923258334017,0.996991832376523,0.0972931817538869,0.642357798964209,1,"12",0.0119749903704965,0.0209999729859074,0.0331973840455945,0.0271253409396236,0.0303136247713612,0.238764815697143,0.420406473867282,0.669135879958644,0.544771176912963,0.609411541831531
"33","M47756",187,12,0.439667837097802,0.989490150439732,0,0.791945546591201,0.7,"12",0.0689313736899873,0.11119942847172,0.0697261846110945,0.0907511993415897,0.0885743438836355,1.08615026774899,1.8059383085392,1.09910063222133,1.45251947038027,1.41571378139034
"34","M47757",127,12,0.5494714042359,0.917444426174152,0.0604507475635153,0.876029487314169,1,"12",0.0139718513188339,0.0123844158540076,0.00852028538009046,0.00999181926847101,0.0207772945404007,0.282747004494256,0.249600395407937,0.171555224138375,0.201380570978989,0.422986831027565
"35","M47758",126,12,0.453638879108356,0.997955960072857,0.140545353090219,0.774128248544221,0.85,"12",0.0370491743718763,0.0126164001396827,0.00625030002450767,0.00927909921774964,0.0130994330521729,0.712055323325033,0.247055186746598,0.122785703828026,0.182100229695695,0.256274459317173
"36","M47759",234,12,0.407065908717195,0.999323677901063,0.365174110209561,0.258350338063891,0,"12",0.0620513119226723,0.00896686107750876,0.018341919304926,0.0133512682422812,0.0243022436339857,1.40017157880713,0.208248934741735,0.422739067260876,0.309189319737152,0.559017121759836
"37","M47760",126,12,0.454071493420436,0.999007480077584,0.318137845443914,0.0673561725350929,0.5,"12",0.0636095137965043,0.0119443188377984,0.0142432441916848,0.013091476430358,0.0311909185811959,1.01789650400588,0.196548072542981,0.233820023083069,0.215184047813024,0.508723226349939
"38","M47761",246,12,0.401215939427035,0.999676803684353,0.364272353717734,0.542577066623912,0.65,"12",0.0328200778372607,0.00250560510601153,0.00518904516166277,0.00311389348542477,0.0133870621011878,0.8198159645121,0.0634502091849583,0.12981248971476,0.0781524375929945,0.338776534223894
"39","M47762",234,12,0.413070625015276,0.998732005627738,0.148113661915439,0.881169045573865,0.15,"12",0.00561350388717749,0.0254793676034827,0.0558666410619141,0.0405485984046572,0.0129524236033184,0.146163763283151,0.653214594938313,1.4124542250821,1.03283441001021,0.340458777260524
"40","M47763",234,12,0.413081708419008,0.998733192752439,0.147467370494308,0.881306491677647,0.15,"12",0.00552329400028705,0.0254946116924855,0.0558196690367623,0.0405332473841581,0.0131047586108856,0.143591205728289,0.652460284127656,1.40885810536942,1.03065919474854,0.343888988393319
"41","M47764",175,12,0.811370764748284,0.869176494060106,0.838671799938855,0.00436047296275303,0.4,"12",0.081602207595547,0.0679165934818037,0.0862658234675682,0.0761091421310027,0.0879695237869182,0.733642108784726,0.624135353862734,0.770982044745399,0.687630466437227,0.788903377697257
"42","M47765",175,12,0.82139994498289,0.836136516045987,0.848639303495737,-0.00815213416379997,0.4,"12",0.124037160373823,0.08332503618541,0.111004993040832,0.0965782775210387,0.118527449302554,1.12580943800865,0.813122452337446,1.00704920894948,0.90827297471674,1.07682103391594
"43","M47766",175,12,0.765008729842635,0.919277466173235,0.885124357176064,-0.0448743787751816,0.65,"12",0.0401836365284486,0.0358510118637529,0.0337036149964789,0.0320693672602086,0.048640246128349,0.418631617834602,0.382595243965423,0.362381010333612,0.341303984440444,0.505146211002563
"44","M47767",175,12,0.744112792232493,0.893827800280501,0.811672223693528,0.0654977506601954,0.75,"12",0.0891323492874411,0.0586143353542313,0.101017412407502,0.069258874882631,0.109153398415835,0.893349548061931,0.604645290276735,0.997995902401835,0.715239618139001,1.07011590266494
"45","M47768",233,12,0.415642911184825,0.996924563289699,0.111531272903419,0.634786312889103,1,"12",0.007196429699287,0.0229699925948325,0.02971085470317,0.0263131967052187,0.0227385757823506,0.142662571631305,0.459873045273881,0.597655975808881,0.527965380324401,0.455338751067637
"46","M47769",186,12,0.437554340995358,0.989688475060678,0.000355347967025854,0.780206670822877,0.7,"12",0.0631731092137336,0.100243564120185,0.0656550403945663,0.0831627965968429,0.0825367681968308,0.994728938605319,1.62459645905982,1.03566178094034,1.33012912000008,1.31971647599972
"47","M47770",233,12,0.43958361248528,0.990274876341732,0.0211653538398312,0.871581964483128,0,"12",0.131007857182288,0.129359935378474,0.119274847337513,0.124332195216379,0.162083700861696,1.8449522664509,1.81946298639344,1.66707097390671,1.74326698015008,2.32951732927648
"48","M47771",233,12,0.432695879480035,0.993050634095017,0.0252420704012662,0.789671423582517,0,"12",0.0844204273321839,0.0789274074160107,0.0577950367968212,0.0667371875090332,0.112401035643921,0.941080266570205,0.875959876349142,0.632358262973318,0.734050609329121,1.27975662856206
"49","M47772",138,12,0.472374528915273,0.989137594264849,0.130721055013917,0.764633454538741,0.55,"12",0.0475556725575045,0.0319741239750753,0.0232823836954463,0.0247135830294129,0.0650031984640456,0.692799921214319,0.45953916645436,0.33214558698643,0.352585307419452,0.959074583112768
"50","M47773",233,12,0.415383854519517,0.996711515726028,0,0.708253332183365,0,"12",0.0586302813040086,0.0796125118853173,0.0764625956425979,0.0780392365347262,0.0803947510782486,1.34310072066788,1.84858588325634,1.77176458709736,1.81017523517685,1.86772278349325
"51","M47774",233,12,0.424880119330176,0.993886884290653,0,0.822161341167439,0,"12",0.0932707228193007,0.106710443289121,0.0716654336878063,0.0894156998327212,0.125319915619062,1.78910822835948,2.06608272275817,1.35594168360853,1.71101220318335,2.45419153953283
"52","M47775",233,12,0.577831903514756,0.926519017988001,0.479406593517222,0.604830971700713,0,"12",0.156291488316631,0.0863542336186176,0.0895265559491942,0.0877978531971723,0.139511675829247,5.05841576441055,2.82594653623275,2.93791929454448,2.87807392942223,4.5597293924257
"53","M47776",233,12,0.419518707920089,0.998514049793249,0.0127907294913371,0.824585683782964,0.75,"12",0.031911660394051,0.0346333139850292,0.0127166499801965,0.022202954870034,0.0468932210095123,0.608768703604861,0.662780700083152,0.24090036665677,0.420488964204763,0.90525858740941
"54","M47777",668,12,0.415538015865131,0.996908548502172,0.0275947453469281,0.629157168228556,0,"12",0.0773519605626714,0.104193853070404,0.0861941183754576,0.0932294443420856,0.0963184939321833,1.59508187671355,2.18796074740671,1.78634481094075,1.9420256072142,2.01345466856595
"55","M47778",583,12,0.350465347716316,0.999850349366993,0.0406660213772845,0.663006635142953,0.15,"12",0.0187867738268916,0.00706950494874106,0.00697809580346798,0.00683787254005587,0.00812227354446826,0.927792213088071,0.353990511981063,0.348554212910265,0.34203910800458,0.405950476987398
"56","M47779",547,12,0.417388300807242,0.996665300966746,0.0385022005880169,0.680961974999325,0,"12",0.0625988127132239,0.0959634138627041,0.103032391507896,0.0995112762060859,0.0810447640672232,1.1326592959843,1.77585615454968,1.91754595823052,1.8467010563901,1.48597160545497
"57","M47780",162,12,0.473180569784741,0.980826026180901,0.0079087108858944,0.438724870571918,0,"12",0.0601277356075054,0.00711889395958196,0.00711934854093003,0.00711912125037411,0.178569191625365,0.750743321759246,0.0849665649344168,0.0849719954544861,0.0849692801944516,2.38542977484079
"58","M47781",355,12,0.412543595763809,0.991648766049811,0.012253402622574,0.501482623617012,0,"12",0.0287445266008923,0.0124575482989831,0.0322731631422474,0.0222761101065262,0.00676205936017482,0.513754522393791,0.224949121880481,0.576170041363602,0.400359517684101,0.122488435027299
"59","M47782",355,12,0.407898611403244,0.992697727830028,0,0.604554463102766,0,"12",0.0408291753464113,0.0383389579477415,0.0383397905035941,0.0383393742255723,0.00912136053832285,0.681723270262231,0.641536270681465,0.641549845256645,0.641543057969055,0.154902790504627
"60","M47783",330,12,0.594817712777803,0.914920452799204,0,0.617659328699205,1,"12",0.0980657066020075,0.0840985822163771,0.102771275538603,0.0931203551621904,0.100510566343699,0.459215368399482,0.398099143193923,0.479872124188517,0.437929287436337,0.469954731392297
"61","M47784",186,12,0.610225063650095,0.894065602342239,0.0419876333961013,0.819169570882152,0.05,"12",0.884429518564654,0.889573176334338,0.59025661616886,0.729061791078254,0.880341079991369,0.799605066242691,0.800503704324818,0.601394420092676,0.700276300226892,0.797181023447837
"62","M47785",186,12,0.64265159947387,0.803943264293219,0.0482445787037745,0.647929466733454,0.3,"12",0.314930519745957,0.343627687934543,0.343630150878179,0.34362891940829,0.307147737328919,0.486556846956974,0.54166926471709,0.541674398543881,0.541671831630485,0.470792715874909
"63","M47786",186,12,0.520324275810471,0.986959064000977,0.002600858792149,0.765330102515904,0,"12",0.0880575942546433,0.094651129928803,0.371483183466789,0.221133405385041,0.0433121277645133,0.257297065783808,0.275092922558207,0.928220013470245,0.59744495223281,0.125447952650467
"64","M47787",427,12,0.449269267191088,0.981746372995248,0.00651735356869887,0.682136283856415,0,"12",0.0934248137954757,0.110354224736565,0.100188820970962,0.105288723483778,0.0874554564643214,1.0887928414694,1.3021337370315,1.17336497648555,1.23774935675853,1.01453722750002
"65","M47788",187,12,0.484360678211832,0.9584770535425,0.0235297200551514,0.628638378984877,0,"12",0.103637260231502,0.135646484225724,0.105311146477471,0.1203123383683,0.119954634653993,0.760541389178267,0.976122743721487,0.772304754470891,0.874213749096189,0.871489107414719
"66","M47789",187,12,0.47499696858282,0.942252867941063,0.00200542243144108,0.421698817457985,0,"12",0.0720163516574102,0.106964503446875,0.106964505883921,0.106964504665398,0.0517431872266907,0.943268604663356,1.38060248951504,1.38060251915484,1.38060250433494,0.707314445060593
"67","M47790",332,12,0.642836052230036,0.540215508772416,0,0.858714985779264,1,"12",0.00765783189687205,0.0172852531467251,0.015235110415424,0.00481073870951237,0.00760771081681833,0.189207049113238,0.432347983872529,0.374283468847386,0.119229931957937,0.187976894904222
"68","M47791",296,12,0.723081269815181,0.505287924946631,0.04784481123972,0.889986889518677,1,"12",0.00608798576531821,0.00487517337687985,0.0140505920146005,0.00928523935668073,0.00661025553218545,0.194715079693432,0.156001959015635,0.447224736532958,0.296382862674331,0.211347256908713
"69","M47792",328,12,0.393822840054421,0.995019352326179,0,0.867375124849551,0,"12",0.0384375865522788,0.0117910088618386,0.0355474543329193,0.0235719069125331,0.0220894441078219,1.07961481017601,0.338788642607927,1.00057715834019,0.66968290047406,0.628475003947362
"70","M47793",68,12,0.906055553600352,0.0798893651788292,0,-0.203278521182815,0.55,"12",0.508203410859652,0.454141179805625,0.284358696286338,0.34052847817575,0.292685124648533,1.22903178661915,0.846284778853103,0.571782397554162,0.661892496108926,0.588632460304124
"71","M47794",69,12,0.848500878895703,0.148020741080329,0.0389614022446665,-0.286548278850821,0,"12",0.415724123844937,0.343993012176657,0.359219010755999,0.351864701049511,0.354161250923067,0.4202684402465,0.39561573530714,0.398080087120431,0.393797681550751,0.390312206532985
"72","M47795",66,12,0.872445076445079,0.072942509901717,0.0486162660501591,-0.242531775333395,0,"12",0.380213825085192,0.483016094822372,0.501128796348287,0.491113903849669,0.391339264279132,0.444259161693976,0.590045854070483,0.61636992518049,0.6003675415942,0.457040515179831
"73","M47796",66,12,0.939091639287813,0.49512523228477,0.130276468917244,-0.268436703173036,0.6,"12",0.347026952405995,0.20126737504605,0.21952922969481,0.20999599263177,0.246381264330389,1.29312736732448,0.816180579516718,0.882323681260555,0.848367794566737,0.97419531521395
"74","M47797",80,12,0.931707462281097,0.455685382566371,0.093094906020176,-0.2430954592141,0.55,"12",0.347026952405995,0.259163909235633,0.217339704040616,0.236776045184125,0.236917715742192,1.26746195765488,0.995499798906344,0.857248900571865,0.922845034949729,0.923483670855496
"75","M47798",69,12,0.977374295654159,0.245759217089532,0.131860425703028,-0.130957111467052,1,"12",0.312862704313168,0.126853765776362,0.126698363993783,0.125621884702196,0.144064359408055,1.04151982091997,0.469980610202579,0.469303530601171,0.464808253522379,0.542730041586092
"76","M47799",69,12,0.848559391527206,0.0666461425050857,0.0268315512628369,-0.243089130876181,0,"12",0.309281786685812,0.427946279041077,0.304848465091301,0.370831261103194,0.327755944754184,0.434743504576754,0.668205059728267,0.429186046175215,0.543524460699161,0.466416986391961
"77","M47800",69,12,0.917137512075654,0.0642691353742935,0.0333757009122936,-0.30392004431956,0,"12",0.315672137954403,0.290054633774812,0.264586616468221,0.270548995997651,0.309737647857082,0.680951939887231,0.663617935692453,0.610031593943442,0.623551345786452,0.731119879648098
"78","M47801",61,12,0.94788833859191,0.0877779639568097,0.0826345878593538,-0.128000252177073,0.85,"12",0.596967497046466,0.358899230471517,0.332654652950133,0.34360450511953,0.333431208600066,0.922673604185677,0.616562748089067,0.566805754770433,0.58687533982027,0.564692390536679
"79","M47802",69,12,0.975179718639282,0.0752915871294009,0.0147642340124323,-0.2009911489499,1,"12",0.505248116214426,0.246511299031852,0.217185536931813,0.232328808187128,0.250579151608023,1.84928864321266,0.993159683248842,0.858148381371848,0.925654032310345,0.993309551634432
"80","M47803",77,12,0.979945253506434,0,0.0536508039126615,0.139791791932642,1,"12",0.746029034835655,0.717997194994312,0.718021255437192,0.718009225331666,0.718862106631228,2.83447680194977,2.63936766506294,2.63953137801586,2.6394495215394,2.64520539747839
"81","M47804",75,12,0.957809486784565,0.0717966843929184,0,0.132305019979672,1,"12",0.242139559957574,0.190213361940398,0.172484568042145,0.179617059653884,0.170668356884422,0.895230473344486,0.723104448481625,0.646734229547971,0.677072121227109,0.639288803168292
"82","M47805",65,12,0.871933014871221,0.0198540559147985,0.0232248536787218,-0.145486237786739,0,"12",0.646447355034479,0.689021032849112,0.645932307948153,0.656348990178887,0.662273636615362,0.591137869259459,0.636494038457607,0.574050192173011,0.590305100440868,0.576572485954076
"83","M47806",66,12,0.964915363555576,0.0524225232758075,0.0489894169436438,-0.133273680922084,1,"12",0.36084436915165,0.285792120764667,0.257022065822784,0.270621485332033,0.24860141127099,1.13462905902827,0.954602340824315,0.83394647316379,0.888491299887684,0.797581557334346
"84","M47807",55,12,0.9911372924812,0.0921161623802412,0.0904713174806439,-0.125066591612613,1,"12",0.23056340953678,0.115416299470438,0.115418626395047,0.115417462929779,0.120496876122326,0.899940411625363,0.47657817150175,0.476587829242,0.476583000371875,0.497632978653202
"85","M47808",48,12,0.891730446005092,0.1040062300743,0.0627358914527746,-0.137259677533684,0.15,"12",0.774402732904714,0.648970767110307,0.586770352455275,0.61958791207065,0.53611847270246,1.18550388201815,0.74659349216964,0.65511301635343,0.700853254261535,0.588137201874149
"86","M47809",48,12,0.955709957497434,0.0786269356549462,0.0187607052418952,-0.0725723347663342,1,"12",0.486285847246525,0.305771612195288,0.270255512969129,0.286807549508909,0.247306011585292,1.15456090143687,0.803596002548432,0.707085950193275,0.752706858236388,0.643985296709861
"87","M47810",43,12,0.99419040453298,0,0,0.199214982868952,1,"12",0.292571836912048,0.198319210171287,0.169818694017787,0.184009517639649,0.135423584646921,0.861445263269056,0.606006273693037,0.518778045055962,0.5623921593745,0.410125104409231
"88","M47811",48,12,0.998138699497114,0.014800324407809,0.0104596547260831,-0.112292431010301,1,"12",0.471038638853954,0.155986300398387,0.138418396237961,0.147566840768818,0.139912060027489,1.32883874493498,0.53079985575379,0.46593873794989,0.49836929685184,0.471919382113073
"89","M47812",43,12,0.947921839543443,0.37412889644469,0,0.322149811118187,1,"12",0.221378177691633,0.142463891254761,0.144505843771051,0.142829948076083,0.142406965377339,0.866713628774983,0.584275409238762,0.592859494745786,0.586181375786277,0.584811323090836
"90","M47813",66,12,0.863870788739873,0.0339917996960366,0.0498154641845455,-0.150599388949192,0.3,"12",0.67171915443344,0.378955343634784,0.355531179949307,0.362034790893663,0.382079637743653,0.894035924582588,0.609935814796448,0.553787747828821,0.568453732159512,0.593954918977554
"91","M47814",75,12,0.961087466373327,0.103373435897955,0.0370050650060796,-0.0984225053051966,1,"12",0.326158810624342,0.275204155899096,0.257126765626504,0.263068711727146,0.242557355005492,1.02856807501223,0.898249417124134,0.824744566727347,0.848178798894215,0.769899424955909
"92","M47815",69,12,0.857454041524464,0.573482280104251,0,-0.0281698996875698,0.7,"12",0.459620551272658,0.239913756388665,0.207758762900551,0.224270551533759,0.193440111182697,1.14354174318583,0.661405321931533,0.566665297531289,0.614035309731411,0.527107954921131
"93","M47816",69,12,0.94948966816711,0.48900140799563,0.0875353810125749,-0.153082894011082,1,"12",0.549942081407553,0.288345480523382,0.332882572384603,0.30244242967972,0.319193956621346,0.92016175119016,0.519777467801777,0.634299417762555,0.556156281510489,0.597718309280159
"94","M47817",68,12,0.8883330077472,0.373476827434953,0,-0.146697630796757,0.05,"12",0.449526626564494,0.310725069100053,0.334756541390734,0.316503270273807,0.290924108301539,0.662573902243473,0.425545554780405,0.454124309384753,0.428961029537722,0.385365034061499
"95","M47818",82,12,0.941694196731738,0.274865389734393,0.0242765101871392,-0.1512568613029,1,"12",0.380237111462227,0.376103061944348,0.385473238272304,0.380806944621338,0.341580298244404,1.07116109384513,1.05520233683801,1.09153704875379,1.0733696927959,0.926798188335299
"96","M47819",68,12,0.977424460379118,0.189923269279134,0.0359008097954714,-0.204304780391847,1,"12",0.380237111462227,0.355567259842878,0.362918919642783,0.359542894526258,0.33816239577898,1.21387620830227,1.1112767633459,1.13895771031779,1.12511723683185,1.0359494042944
"97","M47820",65,12,0.971024567652788,0.25503839685678,0.0808608173926791,-0.273525301165872,0.55,"12",0.218059443582434,0.297873702787912,0.259361311571945,0.278094406044157,0.259973095992656,0.849076584593022,1.23482790675194,1.04205175955743,1.1343010608267,1.04505541839774
"98","M47821",65,12,0.945691172523884,0.501444563687533,0.135895107632359,-0.00291904986959646,1,"12",0.33693190328455,0.33747668221992,0.276715816474495,0.303839156176433,0.277763970452064,0.549498018542721,0.555168168954297,0.457003360135013,0.501991966000582,0.458923895432855
"99","M47822",68,12,0.915977503293322,0.0487429649329745,0.0348986245786727,-0.279559653034005,0,"12",0.455514069598697,0.32957280967843,0.298165092384753,0.292381726153375,0.337128145092259,1.1577814627469,0.740613653793394,0.666974410183193,0.658386594626191,0.773881159581334
"100","M47823",63,12,0.97855887955998,0.290349215914363,0.204547079077709,-0.271599429581771,1,"12",0.232573011708501,0.278885299714112,0.275954494456002,0.277421924964612,0.261677429845798,0.953144005734331,1.18991326155263,1.17435526155061,1.18213426155162,1.10037218226579
"101","M47824",65,12,0.967259125133292,0.0737631418002592,0.0179470619539902,-0.171724997342932,1,"12",0.232195706222361,0.268787428373887,0.251549257757696,0.259998630965573,0.231382412917971,0.740761446212523,0.89015610806476,0.819874909020813,0.854055165773593,0.741010828560322
"102","M47825",68,12,0.97136652087741,0.150028648211856,0.0250567622582705,-0.218144576720943,1,"12",0.754759176355789,0.759435537678688,0.759468439939629,0.759451989032601,0.723638808204148,3.18111292292916,3.21821111036243,3.21847314327237,3.2183421268174,2.94408611108372
"103","M47826",60,12,0.943224815065826,0.120852317922694,0.10576340609782,-0.410717546264769,1,"12",0.155685403410177,0.160580875017306,0.147376514658733,0.154015807440218,0.127969219117288,0.727671574722634,0.753578784898806,0.684223687112538,0.718901236005672,0.585210407890249
"104","M47827",83,12,0.809525778786985,0.518724554696935,0.0168886997166714,-0.160850501647847,0.15,"12",0.350558247681307,0.247145069226346,0.262900400469821,0.239313596875899,0.226755515939649,0.392660323926648,0.296927251025013,0.320304066605802,0.289984714000407,0.274316573870312
"105","M47828",63,12,0.962214071443069,0.236869679811807,0.0869359314496048,-0.193970729973212,1,"12",0.15886586016666,0.179273660529634,0.139081671100024,0.154160522452621,0.134380858949211,0.819204543275971,0.940367330075961,0.705088880608097,0.791638335335588,0.678843486476074
"106","M47829",54,12,0.988150094059879,0.095456991679246,0.0989603287038952,-0.136957473183328,1,"12",0.131626073916441,0.137461542406118,0.137473897444303,0.13746772004066,0.131618465993464,0.518368763096228,0.543313017201453,0.543366518440001,0.543339767820727,0.518497195596147
"107","M47830",68,12,0.919337695109169,0.047497138835658,0.0330923059344398,-0.125757206768381,1,"12",0.424121643869944,0.541659552861479,0.487959466424513,0.514558177870052,0.466309013710024,0.644937866708906,0.980709191893382,0.827690148890604,0.898247701215288,0.764919591026062
"108","M47831",70,12,0.927904452231741,0.0913661111937922,0.016816977487024,-0.0675866486004277,1,"12",0.416559160228435,0.512756973650884,0.479922328433856,0.49324791214637,0.477586383486094,0.61894085948955,0.871399495207647,0.787094176095866,0.82063720049185,0.780759279511374
"109","M47832",68,12,0.980400233386736,0.12105066698491,0.00485586630175139,-0.21809860869068,1,"12",0.231790293800985,0.225688649008657,0.232596414698731,0.228076983191648,0.252916533133913,0.861760918476842,0.826809628867102,0.861760918476842,0.840466190587337,0.939215658481291
"110","M47833",438,12,0.456864064300506,0.978529717632441,0.455558722143999,0.221014746848964,0,"12",0.228364874601453,0.29540028226634,0.231488825858459,0.25759964806357,0.248271029673641,0.597662241250791,0.736888183758172,0.604504648194581,0.66041325021124,0.64187278780207
"111","M47834",69,12,0.850676112349576,0.0473769327543403,0.0406922947586017,-0.310715212461916,0,"12",0.369160425789175,0.244402750978623,0.239917348524508,0.240704518816261,0.23905465079674,0.713943871496969,0.517810165692061,0.506027256857074,0.50886231252834,0.50169720210119
"112","M47835",99,12,0.903862952240616,0.151794478394046,0.540983680114307,0.0575312828220992,1,"12",0.22919334334595,0.161570546333648,0.125120799650283,0.125908787562452,0.122628086913213,1.14790739278195,0.710621289182398,0.552497361952657,0.555739461265619,0.526137440815421
"113","M47836",80,12,0.937993452725225,0.298326739999849,0.584721039037849,0.0332105268827963,1,"12",0.161768729346327,0.149451513273773,0.181024540638795,0.148626508485704,0.164021995737811,0.760290872989693,0.708065052297778,0.825841167871364,0.713409481345348,0.769731676056464
"114","M47837",99,12,0.903081771672278,0.151360595108796,0.545543014174228,0.0467308311938325,1,"12",0.228850284253927,0.162444814116543,0.12187191927771,0.128243202591026,0.123908640011786,1.19211436617009,0.742399370141854,0.546291249824525,0.590524202871349,0.548582929690921
"115","M47838",438,12,0.450470502033923,0.981770627502189,0.416432034423659,0.285080669229266,0,"12",0.1567990330343,0.288324971120312,0.0957613479153905,0.157567651560952,0.124485432094923,0.195166977571225,0.326560274353369,0.124940944238476,0.196078653922061,0.158740811490276
"116","M47839",83,12,0.83333536531149,0.121702550674843,0.0241364285006922,-0.279935339475115,0,"12",0.390029867145188,0.366607511796568,0.522061558870673,0.420326052553177,0.366645077256703,0.383580781851539,0.398038996648824,0.640505052766567,0.472642875104377,0.391174014984668
"117","M47840",66,12,0.97352597127139,0.224925811629244,0,-0.184533041864723,0,"12",0.31867868145406,0.18247170130347,0.240203553301709,0.197699562918291,0.252577632081696,1.21118172085986,0.715027456153864,0.992603017545686,0.78732328877271,1.05510485039654
"118","M47841",137,12,0.85532286107678,0.539252397148047,0.579727194792253,0.353116804601445,0.7,"12",0.165148458978831,0.326639789415946,0.290420639380351,0.314243505139931,0.13165777949948,0.299574962913226,0.545538711001571,0.591646566062173,0.562768035868981,0.219486659779949
"119","M47842",54,12,0.991613892944798,0.136107528503962,0.226428344713992,-0.15838708672191,1,"12",0.157897394505191,0.143003403280757,0.142998336937811,0.143000870117787,0.175913346535632,0.70859910153252,0.645254409975103,0.645229286786508,0.645241848380805,0.813554441527419
"120","M47843",91,12,0.905232499679731,0.469385721424726,0.46685798639017,0.0866477969450148,0.55,"12",0.176586885533603,0.165763305936411,0.165758566550318,0.125169548066411,0.137572372096002,0.795543980802458,0.661696106565728,0.641898621267523,0.511186837614401,0.548708383803812
"121","M47844",90,12,0.80556851664652,0.19552573191381,0.688340712230191,0.400295681591272,0.5,"12",0.254118428747419,0.364510858967148,0.244148573713282,0.265268144640113,0.236552632724515,0.705430358427804,0.923894170494614,0.70061664619822,0.708278038641705,0.666102038492363
"122","M47845",63,12,0.902143766594304,0.176451479322376,0.0664673995266583,-0.138336894283705,0,"12",0.345355432043377,0.421745522874822,0.500315857221324,0.45175382992408,0.394721837110139,0.345117593378348,0.413946848109519,0.514962343447276,0.447745742676861,0.381704130072816
"123","M47846",90,12,0.910795945821153,0.165422996971132,0.562721825203951,0.0357749689355131,1,"12",0.193087100073415,0.237091301336945,0.211682639480269,0.211302332000347,0.250390540438847,0.768409430949212,0.833798694535332,0.738646482387176,0.724569377396915,0.854768898735828
"124","M47847",65,12,0.934924222871059,0.0408003039436844,0.732462484822173,0.135783202032719,0.95,"12",0.153588818339384,0.144827001310066,0.136624750220393,0.138983810765441,0.145606264638889,0.916263016288997,0.81892528180006,0.818361192528365,0.810584949012185,0.873120447753525
"125","M47848",76,12,0.972387039909072,0.328763995752322,0.241308254694776,-0.173253876821232,1,"12",0.168806267078735,0.152253535686847,0.154805535113188,0.153540459943277,0.153663633000168,0.803902592498702,0.731114341784487,0.742962137001668,0.737038239393078,0.737832584200959
"126","M47849",53,12,0.885699466199704,0.144836225531128,0.479665453679187,0.0889566321675286,1,"12",0.537301633022408,0.236832785471451,0.160564996902532,0.160801717636856,0.479167498167606,1.89615364864462,0.966031462947154,0.67038384285339,0.636796118867493,1.74531751654646
"127","M47850",51,12,0.908371985243962,0.539273676766074,0.139093436316162,0.240062714957837,1,"12",0.244974114052648,0.175427377607189,0.833493988768335,0.421892285549007,0.22266608816847,0.761560257607045,0.562870047019588,1.92320425831963,1.1889206964702,0.700668157009036
"128","M47851",43,12,0.978959580760212,0.0334932246560904,0.454286136420154,-0.028173164970447,0.1,"12",0.175203601766149,0.181228094218087,0.196389587241431,0.184690707122848,0.175804680661903,1.02537788080795,1.06435385935608,1.1712495045459,1.09077739148858,1.03058152457868
"129","M47852",82,12,0.910643404646901,0.362249977255006,0.687393005987886,0.118144607219978,1,"12",0.163960455946168,0.192327548265093,0.155540678564046,0.150628831047351,0.158917712559486,0.953812143228141,1.06010662884153,0.92660455531926,0.907583988796195,0.939956031051013
"130","M47853",42,12,0.97725687843427,0,0.256418132366488,-0.159686841053092,1,"12",0.239017476337347,0.200407443514126,0.200367685304571,0.200387563887905,0.214109662857999,0.637716924091619,0.498246519525867,0.498144875249374,0.498195697387621,0.532933915285419
"131","M47854",257,12,0.533699272136269,0.951124526188565,0.279821253419846,0.0425788070857185,1,"12",0.0156828700941959,0.015627832723006,0.0155399125372979,0.0154532369449092,0.0143849051617739,0.487040610138384,0.483790697713421,0.482256100959049,0.478828929459345,0.447283709410703
"132","M47855",63,12,0.902098390483026,0.188311709311536,0.0654805994871699,-0.137544007981298,0,"12",0.345572591936025,0.418547730744125,0.40778783193153,0.349948239581127,0.402595526419675,0.333262992635753,0.427516073730571,0.380594162127147,0.311127636089807,0.375468829500437
"133","M47856",45,12,0.917086456140127,0.032342520481451,0.147555471060245,-0.196708141515819,0,"12",0.398105346440553,0.387848083563919,0.446694093370622,0.414699371549407,0.435964539135398,0.682111812186543,0.642454427740704,0.774155369547245,0.701319001737582,0.741476361166767
"134","M47857",46,12,0.893326445202072,0.427135502103236,0.779121956482964,-0.0621591994279835,0,"12",0.486963870648262,0.177453993945654,0.193978313350316,0.170452550997643,0.212766698585488,2.17758374410792,0.881416140941888,0.975401196751897,0.853103179306002,1.06638753593063
"135","M47858",45,12,0.913989104442189,0.0219136033595076,0.142866690769966,-0.192891999743651,0,"12",0.396949655298111,0.375171686228839,0.442415390671392,0.406713553692186,0.435843023426555,0.701234348967904,0.635340807901749,0.7849081903756,0.704063961930021,0.763604402954906
"136","M47859",49,12,0.930558125144326,0.228583661654008,0.133255602573224,-0.150080979775233,0.1,"12",0.345355432043377,0.393522400846485,0.485535867009904,0.42905400771488,0.394807342635276,0.414908149696887,0.455047359313344,0.591501996368024,0.50134692983552,0.45897461197652
"137","M47860",49,12,0.930604310360142,0.237769807969502,0.132459625686456,-0.149110458066749,0.1,"12",0.345572591936025,0.409233796890929,0.497920680596882,0.443533710722237,0.395396417872255,0.404251030582397,0.465366532802366,0.595898725176985,0.509338449609452,0.447462499944006
"138","M47861",42,12,0.808584442169449,0.42057658404226,0.510679440742152,0.496879670345155,0,"12",0.305605743355627,0.300360186561149,0.305607232251525,0.29239868928796,0.31513854320142,0.75385947939406,0.72190399421215,0.753864503128914,0.709432079174299,0.79478132275975
"139","M47862",66,12,0.809338538355171,0.121393339763476,0.605092259079441,0.539015090619915,0.75,"12",0.507495452345359,0.465813539069347,0.507496586381504,0.48774885794614,0.505505347163208,1.51057746287106,1.32532104506453,1.51058348188705,1.41260914467305,1.49957677281977
"140","M47863",193,12,0.527515843098194,0.981953163595804,0.779948176996031,0.392592360522283,1,"12",0.0389783478986323,0.00703960182581422,0.00837341322355165,0.00755919852445544,0.0260283743353592,1.5497985448848,0.291783234492149,0.342291150656555,0.31130808525792,1.05029466221253
"141","M47864",193,12,0.527041034902788,0.981816126728546,0.776760852048242,0.406898994015346,1,"12",0.0391473080944382,0.00694410978873338,0.00855319315763384,0.00764493270305542,0.0258395220756177,1.55562412714475,0.288096556822099,0.348780971533143,0.31442911180426,1.04267060504781
"142","M47865",193,12,0.475555987302418,0.980365761091201,0.102877228859424,0.49102925997463,1,"12",0.054952944136896,0.0528792701871863,0.0559640982786578,0.054384124393446,0.04839768549115,1.25866238387683,1.21309989462216,1.28166514193082,1.24657432380972,1.11225218582122
"143","M47866",193,12,0.513489147743399,0.959874704498215,0.132802363443103,0.319312539001175,1,"12",0.0452408051723006,0.0480443811510858,0.0335843215203659,0.0407123300688004,0.05076467445542,0.983419374092865,1.04387626681368,0.733907379401782,0.887571908003012,1.10006421742067
"144","M47867",193,12,0.516796151934993,0.983675449203421,0.769586916529664,0.384343690659381,1,"12",0.035093009333376,0.0061353820428658,0.00702574324538242,0.00652332718604434,0.0234043707777362,1.45565164647642,0.262675995960599,0.296937665693606,0.277490101986561,0.982101295687216
"145","M47868",193,12,0.516762043905434,0.983975534100024,0.774012224213219,0.385876993704114,1,"12",0.0358598464124908,0.00644056014934058,0.00755140617755697,0.0069953055863471,0.0239860054882938,1.48940210096007,0.276117407742993,0.319786714167149,0.29795206095507,1.00786495115897
"146","M47869",230,12,0.550017210865779,0.911021017117569,0.0451989836088551,0.392280729156533,0,"12",0.0276634017705904,0.0294742287457852,0.0291791011695545,0.028869251370949,0.0272921822506607,0.555863118940451,0.59225175315833,0.586504668964618,0.580104406883191,0.54792508480585
"147","M47870",578,12,0.377908561398584,0.995617622909421,0,0.264530766721697,0,"12",0.0414450846258411,0.040257085589225,0.0389571504863622,0.0394090053096413,0.0416602188841248,0.888780334293481,0.863307581684754,0.836291588008034,0.845772456624399,0.893289951916334
"148","M47871",230,12,0.510025790322981,0.959656601627348,0,0.135482552207932,0.45,"12",0.0413186187753469,0.0383037622441411,0.0460039568431102,0.0405355942172827,0.0390612937074067,0.532150128522405,0.494042243085152,0.588630708116559,0.521920968968688,0.503530578217623
"149","M47872",230,12,0.519455597875708,0.948251461107558,0,0.528913975283775,1,"12",0.0190749627052251,0.0178001728124347,0.0199362399604943,0.0186433480056721,0.0220824242679341,0.360839120548325,0.336966306139611,0.377046716863799,0.352786557935404,0.417022168482807
"150","M47873",230,12,0.605014555204262,0.898151211379554,0.0113047005944142,0.253602707740287,0,"12",0.0693125691901409,0.0683038225617283,0.0716133335420498,0.0699558259900194,0.0706773527837955,0.999285029426338,0.985374982068595,1.03107614750642,1.00822556478751,1.01813176179231
"151","M47874",578,12,0.387600951184884,0.987677198858395,0.0135297949458776,0.401362331506482,0.8,"12",0.0357180121653111,0.0262373905759927,0.0431748225437372,0.0309598916890623,0.0330056427528514,0.841297085317965,0.622914682391336,1.01259691275598,0.731886018128463,0.779176970331768
"152","M47875",230,12,0.693085792880223,0.834760275496433,0,0.231479725829099,1,"12",0.0368961371097365,0.0293518730127516,0.0430789483132792,0.035921681096579,0.0403620679895939,0.831339646735444,0.66458197260633,0.966873191102241,0.809893396553645,0.907383361017081
"153","M47876",230,12,0.424008311294382,0.991903667685509,0,0.279038538033684,1,"12",0.0225968100849843,0.0431607277421303,0.0614587366701429,0.0522608021919879,0.0487852164913634,0.380297202698764,0.714757238562377,1.00824530879275,0.861501273677566,0.806676331652674
"154","M47877",230,12,0.724162045308024,0.859085897527666,0.638559798558053,-0.0534283991103623,0,"12",0.046321414359459,0.0430151493778637,0.036434184475642,0.038795881034521,0.0398500716507189,0.868296583665187,0.794148618241226,0.677389549365424,0.719013008452027,0.74451265738886
"155","M47878",230,12,0.757130046033621,0.889038400653321,0.78931090517352,-0.347058474850001,1,"12",0.0331796216573802,0.0617155098417363,0.050817076012162,0.052881670921659,0.0508646131499251,0.531938644139963,0.974287131116139,0.806305761051235,0.837257004259447,0.811227447434138
"156","M47879",230,12,0.788850784586484,0.794890856015173,0.737834251593086,-0.099351407896914,0,"12",0.111653273406074,0.0876876871917254,0.109940389676708,0.0984014524970927,0.111132843818524,1.54403045209219,1.20012197960785,1.52235341983177,1.35866515517944,1.53766171335737
"157","M47880",230,12,0.621469474806053,0.832851111031903,0.973410183278482,0.164518243658575,0,"12",0.0209887815883239,0.0449644023969534,0.0323378502038107,0.0384758592902558,0.0304685891600591,0.487719302704702,0.988638983826725,0.749094341607349,0.865883836395251,0.711359366867003
"158","M47881",230,12,0.563494295078065,0.980996050119703,0.917528762110394,0.475850592678505,0.85,"12",0.039082407078038,0.0227341385442778,0.0219104984725745,0.0206411623772689,0.0188550743434198,0.642527236613068,0.379950191807602,0.364503658192256,0.345451106144523,0.319679837357561
"159","M47882",350,12,0.430565118916286,0.987927951669769,0.366056908067896,0.741491220980719,1,"12",0.00864345838338547,0.019359901475414,0.0120933107663531,0.015390446762844,0.00793981902769404,0.440618698082808,0.978656482783814,0.61503795675866,0.780621224376191,0.404944248015453
"160","M47883",338,12,0.424534768316544,0.997372942679533,0.57091853669224,0.394143027684303,1,"12",0.0117922633737789,0.0230836421161828,0.0191810574424698,0.0211212022052635,0.0112834685770348,0.634895927721953,1.23012185773208,1.02550033071027,1.12737032740866,0.607739289565087
"161","M47884",193,12,0.422831867475736,0.996817952187719,0,0.288426247062621,1,"12",0.0179506536723971,0.00322538717980765,0.00430614303073964,0.00279865851968154,0.00945701586085848,0.751713094498571,0.13565201992813,0.18109773868008,0.117395745048319,0.397792665184726
"162","M47885",193,12,0.422482520298396,0.996623372855385,0,0.127872125928166,1,"12",0.0176274381153175,0.00417068138996233,0.00470262784122584,0.00328235113192343,0.00963768528172226,0.709676049212146,0.168511701189817,0.190076527280852,0.132270684560461,0.389507111882303
"163","M47886",193,12,0.464228397106465,0.990515962135592,0.491022928313088,0.130314749348388,1,"12",0.0421356178105247,0.0284361049759523,0.0279640131408866,0.0281966628341506,0.0397459040309293,1.50277421261113,1.02336771977756,1.00643676874033,1.01490224425895,1.41954696212107
"164","M47887",193,12,0.43805533334206,0.994359324727286,0.146477865568366,0.4207481607196,1,"12",0.0376052774754377,0.0150921404758095,0.0217397956571835,0.0184100351148723,0.02997285454678,1.32462672045298,0.538101550953516,0.771737443351401,0.654919497152458,1.0602034904774
"165","M47888",193,12,0.464463947282969,0.990505821061755,0.491114235547003,0.139210930724341,1,"12",0.0423746160766171,0.0281309737368879,0.0359198851463704,0.0320159071884066,0.0395173694108564,1.50977625055116,1.01177785905441,1.28514263798384,1.14846024851912,1.41044000299333
"166","M47889",229,12,0.515896351842292,0.977932972334262,0.00309378379303182,0.440418951345557,1,"12",0.00701733958823149,0.00909720062022385,0.00747058585008006,0.00628114351113021,0.00714723731147159,0.208012580678457,0.27041645947112,0.221379278161384,0.18619886778111,0.211957108940088
"167","M47890",229,12,0.610404843370487,0.919006379522916,0,0.238904602496791,0.15,"12",0.0129639003262166,0.0159428673026323,0.0126583840060249,0.0138117995495898,0.012938145526312,0.318698951458491,0.391714787898275,0.311132053469099,0.339528051165381,0.318052681328035
"168","M47891",229,12,0.443578974082325,0.985097383973775,0.00573733618008843,0.255002652368353,1,"12",0.0866057410928513,0.0763636751750531,0.079426168761629,0.0778932141924562,0.0844406805822535,1.81585026643642,1.60832376515618,1.67059988302402,1.6394618240901,1.77213345964666
"169","M47892",229,12,0.596252832988618,0.914515980036245,0,0.633436986867295,1,"12",0.0178981812068884,0.0255728593504692,0.0196658335743816,0.0226144301358413,0.0143963660181254,0.60484158904603,0.860525783676298,0.664007107904148,0.762261100551722,0.487457857209935
"170","M47893",542,12,0.430818393550362,0.996779786569364,0,0.903728334999783,0.05,"12",0.0462254802301188,0.108542741383996,0.123563439014293,0.116023929665986,0.046362240852507,0.154581612149923,0.348796531014074,0.394220238249203,0.371508384631639,0.155025974174925
"171","M47894",503,12,0.422650390988,0.99712005392032,0,0.871205338556306,0.25,"12",0.0247105453346537,0.244598381327071,0.167509451977731,0.204874149073619,0.0273501029970296,0.0874780217921181,0.755761256087495,0.545988223970948,0.650874740029222,0.0966702580087008
"172","M47895",503,12,0.436279624779998,0.996431869869375,0,0.862340499612498,0.2,"12",0.017322389321392,0.189423295001875,0.135265334314733,0.161627316492221,0.0190742113905479,0.0495418255310471,0.482921535154599,0.360298083777607,0.421609809466103,0.0545246476313329
"173","M47896",503,12,0.433946404916561,0.995774303873117,0,0.901258690391921,0,"12",0.092139102781763,0.147275173922493,0.105675995384351,0.126117734317849,0.099290957556925,0.205096912469681,0.316626025679354,0.233373687075309,0.274999856377332,0.220087172190606
"174","M47897",503,12,0.435483074520718,0.995870128923015,0,0.845660486951934,0.1,"12",0.0744239480378917,0.200219090101084,0.134429207156248,0.166470351807804,0.0777276467593014,0.237692921796431,0.593208584908367,0.415676422818324,0.504442503863346,0.247812028189345
"175","M47898",503,12,0.417085685773359,0.996591736977265,0,0.888888788490449,0,"12",0.0400765310171869,0.0147677964907142,0.0247264512512006,0.0175508466745874,0.0352198830628889,0.147609823430008,0.0544388746993342,0.0904753305062093,0.0644770021470676,0.1292032744729
"176","M47899",360,12,0.419444270503366,0.998279838401097,0.00188181653283392,0.866039317721325,0.3,"12",0.052314570491846,0.0154541031609612,0.0315721403855338,0.0214142150345537,0.0705302542253581,0.228907699959638,0.0692691528533567,0.143468806182958,0.0963085110940159,0.305095554843338
"177","M47900",503,12,0.436697878473311,0.997128903501037,0.00420258793007489,0.859183575676273,0.25,"12",0.0555808089518349,0.101349711751168,0.0742694936440432,0.0876749164371841,0.0557321574129953,0.178972206575707,0.31594628326421,0.235984019480356,0.275965151372283,0.179438943599994
"178","M47901",360,12,0.455027730440663,0.994763079198195,0,0.909071078958859,0,"12",0.0599006054235527,0.0985597068704923,0.253388918423553,0.172209473030039,0.0709500722161581,0.134171070304253,0.215923668344757,0.509765984915259,0.362844826630008,0.15790378608095
"179","M47902",360,12,0.45231622075701,0.995092336080079,0.00175828620862517,0.907778164107108,0,"12",0.0792746029964815,0.124669692044753,0.183910722502626,0.153772356655811,0.0919252669775879,0.159864970891416,0.245004888060981,0.34951994862859,0.297262418344786,0.184011339711811
"180","M47903",360,12,0.42266060399318,0.997771756010001,0,0.89858249130412,0.15,"12",0.0257207668101476,0.114108332494282,0.0740735479611079,0.0937407195064443,0.0424128906158864,0.100116440310707,0.417115142202225,0.279100428661214,0.348107785431719,0.163003792592122
"181","M47904",60,12,0.79897445021497,0.764728873684159,0.0623799569616766,0.0814088222722503,1,"12",0.00537398596426537,0.00919832397366238,0.00758200359762285,0.00838923720456497,0.00539691639547429,0.151450813871196,0.258554585371915,0.213376514652224,0.23596555001207,0.152077013515477
"182","M47905",242,12,0.426822474620766,0.99456183556069,0,0.699847286273227,0,"12",0.0142582009012639,0.0247651790239913,0.0242378669503905,0.0245014785284586,0.00831141570854081,0.379479982051895,0.65268737835211,0.639066226725859,0.645876802538984,0.222479106450744
"183","M47906",242,12,0.554333807036692,0.911888978660873,0.0222892663227202,0.734856930654093,0,"12",0.0538341980374143,0.0573628257597809,0.0568030525272447,0.0570828721562409,0.0441646522854479,0.424665958691023,0.452032723585705,0.44775338523565,0.449893054410678,0.349568703575712
"184","M47907",242,12,0.496381328301933,0.950704886397421,0,0.500951033947677,0,"12",0.0496389746837153,0.0545048481327633,0.0491659594001181,0.0518308504279706,0.0447665143760723,1.6464173800784,1.80173142954985,1.63156194366237,1.71664668660611,1.48990150265751
"185","M47908",242,12,0.444926161816163,0.991246817918803,0.0300278393113418,0.586508401611146,0,"12",0.0146912694995979,0.0111772501232126,0.0120001693943641,0.0115744130084476,0.0124720170281716,0.583778009828267,0.442918475979045,0.476441821928757,0.459147657052398,0.49566563555651
"186","M47909",223,12,0.428918561950108,0.993837444662781,0.211319181060384,0.419252816841154,1,"12",0.043040616389897,0.0308609528344942,0.025326753031023,0.0280888252953939,0.0359272012277742,1.88856337875631,1.36411606204015,1.12339247768667,1.24375426986341,1.58289437090909
"187","M47910",242,12,0.482636761275159,0.951669503202346,0.0227258239965052,0.728059348322092,1,"12",0.036481255454864,0.0293424872584564,0.0296703369668608,0.0295063988719134,0.0328910900874194,1.34512159203708,1.08632298261481,1.09825881479619,1.0922908987055,1.21503499827404
"188","M47911",231,12,0.432252589835117,0.992620918430017,0.0163144607392104,0.865180087319391,0,"12",0.046759359315404,0.0357663508303232,0.0319037125921302,0.033638677241497,0.0685814494075518,0.858113605011435,0.649493468275395,0.577162184233672,0.609566380278837,1.27976992589723
"189","M47912",242,12,0.51220449829327,0.949439357789236,0,0.68123682017664,1,"12",0.0144650829504391,0.0136612838529425,0.0140989884730803,0.0138801123777489,0.0138456697361445,0.483545075806253,0.457145627302695,0.471501073597687,0.464323350450191,0.463178437537864
"190","M47913",242,12,0.453514912354163,0.982949514908031,0,0.722875789994225,0,"12",0.0178803680804363,0.0057525079677995,0.0125908618661675,0.00475866639148039,0.00999983260186612,0.498788057476557,0.162339767834766,0.352586906374768,0.133924194204497,0.280130293402115
"191","M47914",350,12,0.385132776441949,0.99861167331752,0.247099656248302,0.778391884769552,1,"12",0.0392574446006243,0.0333271667561969,0.0464731498187751,0.0398748057625032,0.0320672098312547,1.92480897148064,1.64026870099849,2.26834576801584,1.95430723450716,1.57947216108441
"192","M47915",1086,12,0.503877700927616,0.982957032030214,0.000614511712225929,0.378921098881057,0.3,"12",0.0549357103267856,0.0555802922404338,0.0450060769633476,0.0502757175741432,0.05326377174175,1.58430719892144,1.60249076356482,1.30709680835555,1.45479378596019,1.5377827289594
"193","M47916",242,12,0.403001356262409,0.999770378435524,0.112068161078752,0.564375363777293,0,"12",0.0291501855118204,0.0519597355730493,0.057698300967411,0.0548214764030867,0.0581114188802774,0.0950158824565669,0.166024686474154,0.18345830110653,0.174741493790342,0.184653292673817
"194","M47917",242,12,0.40567041371724,0.999147715688143,0.523030427227914,0.460575895635784,0,"12",0.0382151220264254,0.0167591072132538,0.0208156898861511,0.0187846303258896,0.0250973601624235,1.62883489766411,0.721667424361485,0.894740076706469,0.808203750533976,1.07711210043741
"195","M47918",242,12,0.415422687573568,0.998243617504512,0.591134241377234,0.396324612951654,0,"12",0.0150542718692555,0.0120696328291884,0.0140889774452277,0.0128917715919625,0.0134611938387886,0.890276064667283,0.712078472734995,0.832905719302409,0.761453658020157,0.795356228947285
"196","M47919",242,12,0.493278100571282,0.977761686832673,0.61192933732199,0.255263955610611,0,"12",0.0245512225586017,0.0316031419724977,0.0240705451192248,0.0278465824860589,0.0222195227398893,1.54406765318925,1.99795435726721,1.51318385510667,1.75556910618694,1.39539039443263
"197","M47920",242,12,0.425417299982225,0.994244547883801,0.0123180444504368,0.872265533462385,0,"12",0.0161229226369557,0.0294336446088075,0.01633196865829,0.0194356799804525,0.0250069056547611,0.350368391141006,0.644397776374801,0.354843579270585,0.422240349817934,0.546611867432242
"198","M47921",502,12,0.497690201755072,0.978612731281928,0,0.614153948360615,1,"12",0.0481128464535665,0.0580868920831545,0.058086321538322,0.0580866068106939,0.0473688477598605,1.11879303774424,1.34305923961096,1.3430464971845,1.34305286839773,1.10199550428027
"199","M47922",134,12,0.486433363361607,0.978164065939964,0.0288301065178405,0.836737737498077,1,"12",0.0326192053677969,0.0240230348248761,0.0208849261123923,0.0209388759640487,0.0236434473619392,0.550797428743735,0.408558966676874,0.358328217087392,0.358266479679951,0.403962401172995
"200","M47923",134,12,0.450841110842967,0.998472636436385,0.0632866709039872,0.57314135957984,0,"12",0.0286745631447553,0.0604143083832744,0.0426685760642975,0.0512950029947353,0.0525548664302564,0.18654549121814,0.382349195750305,0.274136664274217,0.327099856273912,0.334742913305203
"201","M47924",134,12,0.46707052879875,0.996204419805499,0.486239623199546,0.331532675600463,0,"12",0.0164816219980071,0.0152624396831041,0.0380939025038536,0.0267622658708528,0.0448771434588128,0.308712841045712,0.287232143588211,0.726371333561784,0.506801738574997,0.85917407551895
"202","M47925",134,12,0.454407923838703,0.998536435310504,0.606244254450372,0.54971477392627,0.8,"12",0.0387760581740952,0.00968725504437619,0.0169102108843865,0.012961475244544,0.0264694779741216,1.32632768873086,0.335500639653755,0.584112521629207,0.44832142466928,0.911239510866158
"203","M47926",134,12,0.456364202601607,0.998546544584146,0.661576659044227,0.329404431373809,0.55,"12",0.0381975234638508,0.0115640887654903,0.0166446961330658,0.0138671197679125,0.0255948539599438,1.34366684448215,0.411818967451607,0.591281596238053,0.4932180696477,0.906346241729477
"204","M47927",134,12,0.459228307685386,0.996951703718648,0.524978265534623,0.625192170363197,1,"12",0.0423798415095831,0.0104376762659597,0.0286303524043362,0.0194864184323255,0.0301134950611569,1.37795631020265,0.345651132039088,0.938229969706155,0.641940550872622,0.986030594680426
"205","M47928",134,12,0.460335519852759,0.997963095882887,0.610429101810525,0.380200514295152,0.5,"12",0.0146144195757663,0.0131476587131619,0.0127684286549265,0.0129567658661303,0.0128323419376786,0.564050444406921,0.507381785367931,0.491977944324405,0.499679864846167,0.493981674646958
"206","M47929",286,12,0.466993361465009,0.978741420528869,0.0106163316058793,0.357019904735275,1,"12",0.0243925290931002,0.0307169623170505,0.0235275754616478,0.0271376241945127,0.0272152936868931,0.886357626854301,1.12127233972499,0.856632984641239,0.988952662183113,0.990832369071602
"207","M47930",134,12,0.475875606746183,0.989481727434143,0.0342256104607257,0.756509288560199,1,"12",0.0531324916374153,0.0979323406619374,0.0831732037519851,0.0904996906415814,0.0342023415773319,0.846806364301127,1.52039736288186,1.30340651277584,1.41190193782885,0.551097638782933
"208","M47931",134,12,0.486691648333537,0.979111356798363,0.0348765669537334,0.832502501068334,1,"12",0.0178709681331417,0.044281870075405,0.0169778493249913,0.0253356833200407,0.0187600173454152,0.244341560677381,0.619164657941563,0.232831680804574,0.349050506259905,0.258661642969011
"209","M47932",218,12,0.700054023830872,0.809338732687268,0.0177681030627755,0.205653296838593,1,"12",0.0497062893803497,0.0461382946060255,0.0461386430287922,0.0461384688173869,0.0506372041072319,0.784498568654812,0.730012628096829,0.730017981532867,0.730015304814849,0.798748759499246
"210","M47933",218,12,0.486098694484306,0.964765443287146,0,-0.0449915898935225,0,"12",0.0724381138039583,0.0442492077439197,0.0455787528725721,0.0449135492460167,0.0486638024794636,1.54366769823691,0.955874227032663,0.984284232186326,0.970079229609494,1.04960027059093
"211","M47934",218,12,0.444808034110074,0.987776523950488,0.00471905136374151,0.0440180082257326,0,"12",0.132791839029833,0.0865671834626896,0.105351564641245,0.095620482460424,0.107262588765939,3.06823266555591,2.06003151067556,2.4764828123126,2.26207636249408,2.51808361705957
"212","M47935",218,12,0.432743811436372,0.989394592649108,0.0293624697991416,-0.0598724546426051,0.75,"12",0.188080467363566,0.129365523638343,0.139142757319027,0.134207725182909,0.157469412591426,4.14968747572039,2.94360221617145,3.1542182084901,3.04843675096688,3.53481454027097
"213","M47936",218,12,0.489655203069647,0.967381913196923,0.00121383933477737,0.078445775506262,1,"12",0.0678988424686527,0.0386663929858679,0.0571040719187683,0.0471521549648895,0.0500125841295892,1.44717301413585,0.833481375492019,1.22516616559797,1.01580045210294,1.07633436650257
"214","M47937",218,12,0.473668904316924,0.968346763297206,0.0215193889673895,0.146364029672256,1,"12",0.112231535231365,0.0696326788288259,0.0770040643206696,0.0733013953263301,0.088107228107431,2.09895905145567,1.3177247736423,1.45843405271313,1.38807941317772,1.66453171821758
"215","M47938",218,12,0.553266074293883,0.932479206151387,0.0136879848529531,0.152621593161389,0,"12",0.0558573129455273,0.0621961532851714,0.0618287348096228,0.062011277016423,0.058907179151442,1.30090143468971,1.44278923206485,1.43467021478565,1.43872972342525,1.369183940699
"216","M47939",218,12,0.459035223430213,0.98536022420045,0.0315808768965712,0.0189332537032073,0,"12",0.0903126276699183,0.066220282385409,0.0848281176437723,0.0754717914945588,0.0754324931268811,2.14247306723653,1.59457819412489,2.01936162513802,1.80696990963146,1.80535759731579
"217","M47940",218,12,0.510212191108842,0.949466426672228,0.00315850193868428,0.157149887580798,1,"12",0.0211603160227429,0.0236100307747651,0.0367386637825136,0.0287627204614876,0.0257121797162212,0.260498705259178,0.291201185970082,0.456559756170113,0.355662402581402,0.31749942283352
"218","M47941",218,12,0.558995778316685,0.923149194237536,0,-0.0902125661377742,0,"12",0.0427816367219117,0.0311462768363793,0.0302129055161774,0.0293412982605299,0.0303296025367623,0.835345432114689,0.61130914508359,0.592063346899744,0.574721724048798,0.594200116784039
"219","M47942",218,12,0.630213290349866,0.877681600398501,0.0122702037244815,0.127792731976704,1,"12",0.040384017855892,0.034315998492574,0.0370505240241713,0.0356860702876906,0.03782525956426,0.70355394510331,0.596784983442025,0.644704661091592,0.620744822266808,0.65825385791058
"220","M47943",218,12,0.51450093136444,0.971489990235103,0.0237500712707578,-0.0555208403783429,0,"12",0.0263173633888097,0.0252329392515484,0.0253392404861243,0.0245660760942368,0.0330747511759697,0.560736162731835,0.537577151115208,0.540065529732257,0.523632039101262,0.704943003401888
"221","M47944",250,12,0.404033674077502,0.9968235550899,0.0313043345372958,0.867290690758375,0.25,"12",0.0502481827701054,0.0625862794268912,0.0389459839169754,0.050664036996907,0.0193612113492041,1.05636960259483,1.30533822579554,0.82638139352918,1.06585980966236,0.415483865076593
"222","M47945",218,12,0.478525797945084,0.987132533294132,0.59241962917183,0.218785729154219,0.85,"12",0.0253521441651239,0.0686869231332221,0.0331733711001497,0.0243485188242827,0.018047900401488,0.378880089518639,1.06269647655448,0.490730586262072,0.363987593910625,0.271392840492008
"223","M47946",218,12,0.577919737880784,0.976407159101252,0.681193494295689,0.0137516678287052,1,"12",0.0342557156457573,0.0355986502647361,0.0263866017708286,0.02863155074292,0.0334667060835645,0.662096525388889,0.683844326471115,0.503792522073648,0.547892166686911,0.644866450638559
"224","M47947",218,12,0.675549899645364,0.911052811554832,0.471996056633877,0.160336567527823,0.05,"12",0.184790335391896,0.0941911372318339,0.141958305307054,0.0984239233493792,0.147735304272498,3.21123143080971,1.69498338080447,2.48509233673257,1.79405400495956,2.66309925969838
"225","M47948",218,12,0.675610403129208,0.867873798762032,0.283815303510384,0.12423306256584,1,"12",0.0557214095053827,0.0675812754564028,0.0984624768806253,0.0828621537214194,0.0774607159731626,0.807734240405068,0.975540385795776,1.39396817740937,1.18475428160257,1.12009749268918
"226","M47949",218,12,0.51695133447038,0.965636050029972,0.272644500271523,0.00731432090856576,0.75,"12",0.0459007794855782,0.0356398244836896,0.0448798992123619,0.0387240532170019,0.0417190838711115,0.788066462374486,0.602011746583277,0.766911018421959,0.657261513476388,0.714225502718402
"227","M47950",218,12,0.784683489899125,0.782728413172182,0.68829897846878,-0.0449829971819542,0,"12",0.146906790830506,0.113624207683954,0.156977945349615,0.13368223614655,0.161383735815529,1.80261020234765,1.40793503712521,1.91000495840588,1.64656736357873,1.9571557161739
"228","M47951",218,12,0.686473071841997,0.898779619490529,0.719327945652777,-0.0359577861998014,0,"12",0.121716055957404,0.120704767281624,0.123298343934585,0.121374822029371,0.133451847180275,1.1343591703885,1.10783941998254,1.14592787201894,1.12260507329556,1.23102467061349
"229","M47952",218,12,0.481379807023162,0.988122113758838,0.5909636071333,0.0760030474936561,1,"12",0.0758327575399557,0.0406796644997081,0.0705072428982911,0.0348780929428991,0.0573745301041395,1.35873505280594,0.752881037902073,1.26657064822111,0.643265491616884,1.04278173836566
"230","M47953",335,12,0.443714106389641,0.997027391065539,0.69719202561974,0.401364883869015,1,"12",0.00732313854012699,0.00836739703325073,0.00946542435823026,0.00891176935778256,0.00739717759336419,0.399715952414508,0.456258509668026,0.515502585777735,0.485671728452814,0.403859566526291
"231","M47954",335,12,0.425057230957203,0.997386775592036,0.571468509069253,0.392594831752228,1,"12",0.00812847469727051,0.0224961859151049,0.0148371603838733,0.0185760680678975,0.00789370483347438,0.43825131802416,1.19565687227496,0.79376705004538,0.990421719771415,0.425719134606149
"232","M47955",357,12,0.419617909314596,0.998189551072412,0.00374960256261092,0.855810603564268,0.35,"12",0.0534414466643696,0.0235548643478276,0.0203399768338824,0.0216823353471961,0.0719461593125404,0.227466548144447,0.101970990690381,0.0881321844905416,0.0939055691064605,0.302648357549618
"233","M47956",357,12,0.454476263956595,0.994172986663017,0,0.91124786058112,0,"12",0.040127376716997,0.0485538516549329,0.0536395888371277,0.0349350809134267,0.0374235481576836,0.0902245036587502,0.110576101160254,0.119124191973937,0.0781593677458004,0.0839416650983871
"234","M47957",500,12,0.435832887383742,0.997075817793184,0.00204404739891528,0.860249684090607,0.25,"12",0.0282576144616847,0.0720104598901918,0.0435440810683608,0.0576034792814292,0.0282093456246597,0.0900800195227462,0.221717305214544,0.137201305928981,0.179459305571763,0.0899286564609745
"235","M47958",357,12,0.451980612684554,0.99481768589136,0.00260448055606022,0.907617011724916,0,"12",0.0413601070190745,0.0372823483285207,0.0603989141861039,0.0463467155274219,0.0478389389758401,0.0827834087216922,0.0746250352502559,0.119687000031887,0.0925992758355804,0.0955122981748792
"236","M47959",357,12,0.422583284636309,0.997650349465366,0,0.893131031577965,0.15,"12",0.0377260298175055,0.0400375212100744,0.0360678300634976,0.0364209374956963,0.0317396823586363,0.145144224733526,0.153462169428549,0.138585261513828,0.139895046595528,0.121558173187049
"237","M47960",539,12,0.431890933565653,0.996648638693859,0,0.904266129184794,0.05,"12",0.0279635387985326,0.0609119271748024,0.0518260437602059,0.056353271706451,0.0279640520028185,0.093071869613185,0.198669567397832,0.170124292347742,0.184396929872787,0.0930735820238749
"238","M47961",500,12,0.422369973351567,0.997119342619116,0,0.869444472225749,0.25,"12",0.0497233326644254,0.128099873973338,0.0659345397231001,0.0960884716610142,0.0468790607771316,0.179306788462457,0.41698414706845,0.226427022913361,0.321375643397712,0.168732527418919
"239","M47962",500,12,0.435818458227429,0.996204151699077,0,0.863755051295823,0.2,"12",0.0589749592611288,0.130374932530845,0.040412277772743,0.079715878550731,0.0560356530946758,0.171075444724765,0.338256326474308,0.113628807088032,0.215907898587184,0.16222252905474
"240","M47963",500,12,0.433263841066244,0.995436033646746,0,0.902851348072464,0,"12",0.0592600944593297,0.205418814262169,0.114850755068681,0.158618988657984,0.0636314928901681,0.13002142787151,0.408754464263226,0.243272318818115,0.32601339154067,0.139302091738543
"241","M47964",500,12,0.435261514801168,0.995540296521201,0,0.837830099253717,0.1,"12",0.0403280551898653,0.0530799576133761,0.0273321252926942,0.0361302021790896,0.0430850730979548,0.129611234552039,0.169250631072428,0.0877382040052156,0.116230135988438,0.138294959351921
"242","M47965",500,12,0.416734543368046,0.996419672690443,0,0.891053256107504,0,"12",0.0577930098423948,0.0606418158418389,0.028727177868468,0.0418239944563177,0.0518869395645006,0.217236567890469,0.216913866388197,0.106141028910172,0.152681494942641,0.194139353811272
"243","M47966",190,12,0.424787433037019,0.996691926411315,0,0.288923152660733,1,"12",0.020817645955889,0.00230809707958302,0.00685799485364813,0.00414605509323255,0.0113866734056638,0.864737829538944,0.0962901940957932,0.286825341533682,0.173382154001689,0.475580277757246
"244","M47967",190,12,0.424397760237765,0.996507407735174,0,0.132642417172511,1,"12",0.0209939959949017,0.00282767319685526,0.00581016374016173,0.00320100628300172,0.0112831950822004,0.836913861455705,0.113562083144252,0.233338024292409,0.128366079288095,0.452272198944178
"245","M47968",190,12,0.527444968833883,0.981453486845648,0.777495901790033,0.399222344714356,1,"12",0.0233397927575297,0.00580885988242714,0.00723143687411457,0.00626960993716777,0.0179629820347533,0.939562964405344,0.241499273717911,0.295140017867393,0.258471768093518,0.732669432971554
"246","M47969",190,12,0.527913378141264,0.981572377730246,0.780328131070385,0.385314842886535,1,"12",0.0226553833999828,0.00605917449560487,0.00724092571518121,0.00625006191152484,0.0176775531480939,0.913152447839139,0.251098755466142,0.29540616306507,0.25754708527128,0.721578680996137
"247","M47970",190,12,0.513191426898248,0.960023402180412,0.127299556740219,0.31847570440386,1,"12",0.0756124379402982,0.0950330137847936,0.0443137497136435,0.068752247665609,0.0676324327708753,1.600899807776,1.99242103597749,0.952782636483541,1.46199248003616,1.43825026949666
"248","M47971",190,12,0.517353622938219,0.983154221819929,0.768176157785103,0.385706742007242,1,"12",0.0223811205470499,0.00553901861357535,0.00730773964151742,0.00635776759232162,0.0165501228430002,0.935960368651285,0.236821180097226,0.307493669377091,0.269506610530171,0.700170268228541
"249","M47972",190,12,0.517341245739209,0.983494846993279,0.772932138445971,0.385453997320044,1,"12",0.0229183312350327,0.00574265799540492,0.0073512903275493,0.00652152491716531,0.0170348125880631,0.959309100924257,0.245827277292638,0.309904959083484,0.276847873208802,0.72119857090989
"250","M47973",190,12,0.476140993261819,0.980029933616654,0.09616628135054,0.498121961847939,1,"12",0.0673777180291195,0.0738537841809228,0.0740477756672335,0.0739507748425833,0.059343813888912,1.50962367187161,1.64895133925348,1.65309543216585,1.65102338570967,1.33588021345478
"251","M47974",190,12,0.513042422707808,0.960092682726865,0.127582287573906,0.325103064964065,1,"12",0.0755300819607872,0.0950929674766595,0.0773224850649768,0.0861473061613629,0.0675932305204387,1.60028711235552,1.99493975714768,1.63668981660068,1.81581478687418,1.43839632273647
"252","M47975",190,12,0.465695466292174,0.990003649132276,0.487792636613801,0.133636816039911,1,"12",0.0493136099632878,0.0380853146973629,0.0323391893180638,0.0351771675479091,0.0440797314799514,1.76576445641822,1.37274995056008,1.1723677615028,1.27156495173212,1.58410721744247
"253","M47976",190,12,0.438606004870735,0.994071646200878,0.135298771410818,0.417614253730077,1,"12",0.043092352730305,0.0251086183771989,0.0240350049015663,0.0243898516423035,0.0354115925851149,1.52564913090731,0.897721104593623,0.859917764327147,0.872578782550895,1.25937808497613
"254","M47977",190,12,0.465944548373281,0.989892313297564,0.484042729432646,0.145430186688938,1,"12",0.0497071622843457,0.0386128612496223,0.0383494345735275,0.0384773950681888,0.0442808438913123,1.7784465632025,1.39033290684521,1.38350247731214,1.38691769207868,1.5902587464664
"255","M47978",769,12,0.409355208503875,0.994826560403304,0.0898317118893956,0.721467612772091,0,"12",0.0877339762963388,0.109405397503607,0.0674428052151652,0.0573028194882348,0.0737357769271518,5.14133132119549,6.71275412471116,4.02958559160175,3.3603041550508,4.38339279650937
"256","M47979",110,12,0.52964447273804,0.953338220354718,0,0.75343438591936,0,"12",0.0408246131415396,0.102160637454465,0.0407229028865407,0.0717265752738097,0.0841222158494354,0.397314858547151,1.03840901069396,0.396296616606845,0.713553017714414,0.845259490744668
"257","M47980",110,12,0.473604939391018,0.995536625680347,0.027036522122121,0.727738531072407,0.95,"12",0.0324348741831633,0.0134023781217051,0.0132348639451318,0.0132400706175627,0.0123217091388256,0.580439546639163,0.247268485152583,0.244317079838528,0.244393665316683,0.222976064209606
"258","M47981",180,12,0.773373791728892,0.468832149672303,0.0350478477597775,0.444704776361226,0.25,"12",0.532739115526597,0.568715296448181,0.412769818622794,0.463967561828467,0.524281602844742,2.60197755063331,2.7450482028778,2.02683914244473,2.29163462197663,2.5596385676532
"259","M47982",59,12,0.8949435707822,0,0,0.301043496519384,0.6,"12",0.497755589221165,0.332132386905167,0.569891788759516,0.437784075050865,0.497262958351747,1.35274408286175,0.917164719947685,2.08125481944349,1.36237966897018,1.35139423006161
"260","M47983",177,12,0.465115996168603,0.986211798359552,0.0339054324813142,0.237110395530735,0,"12",0.111140512361753,0.0411218068140163,0.0411561720358441,0.0406346553086885,0.0542786028586239,1.523874645464,0.576386783227252,0.577614651720082,0.5701215036042,0.761306896342338
"261","M47984",180,12,0.771336069065261,0.506522541153343,0.0348841894252178,0.43347595630393,0.25,"12",0.474534411585194,0.513145737551912,0.381444920545265,0.427453070405012,0.473690399638809,2.67775767702548,2.86060298829561,2.15779579907934,2.43082940060308,2.66557406787543
"262","M47985",177,12,0.543977659979875,0.920447945937447,0.0310272243531858,0.656968145790975,0.2,"12",0.247608982090311,0.214722456574903,0.200821493507833,0.207421485838251,0.305179949873741,2.74543748651237,2.30872781632844,2.13409979443328,2.21650000470948,3.55123533004523
"263","M47986",177,12,0.629555681104998,0.845272451515384,0.0156419908719773,0.718164386434257,0.4,"12",0.343128484669946,0.337638825988546,0.320825078300048,0.328261354319944,0.372823581995862,2.8366840818905,2.79880448323507,2.61718505563297,2.69483304875864,3.1705416085935
"264","M47987",177,12,0.671019516157848,0.823667543008512,0.0538385824185816,0.412987914759054,0.3,"12",0.182004919244092,0.123182468071954,0.126869909763226,0.105221314487601,0.1612153395054,1.61201259350894,1.12797018007708,1.17166479612722,0.963507137639514,1.45448167520407
"265","M47988",180,12,0.800018849063676,0.398539468136933,0.0260067400044609,0.427842886731494,0.2,"12",0.529498049558159,0.562560634667639,0.429296589434416,0.475265692704366,0.542588429600391,2.76825876739264,2.90425297884764,2.25765929301994,2.50566344467133,2.81432109111436
"266","M47989",107,12,0.887701490722073,0.412008929057025,0.103415781481877,0.212424467788151,0.7,"12",0.133663174256697,0.12793014176327,0.141765684748328,0.120882511856179,0.145662736823488,1.19998533155419,1.15088167153125,1.27292669416442,1.07651102558186,1.30788465082917
"267","M47990",107,12,0.533622543578183,0.922444535376595,0.046929108979651,0.525022559743171,0,"12",0.0612548273740034,0.0612548273740034,0.0607656854402623,0.0610101402703855,0.0657723647342619,0.307434766687394,0.307434766687394,0.30498240504557,0.306208585866482,0.331648284794076
"268","M47991",167,12,0.771570727279042,0.706898514830299,0.0238811464390599,0.277201044919665,0,"12",0.315903026225763,0.0297724315199517,0.121080126831666,0.0711215904552201,0.315159066182843,0.759693403928584,0.0873763260733394,0.329134719398095,0.200326337420081,0.756717344001291
"269","M47992",116,12,0.876992131189751,0.776634678566646,0.927871831311788,0.0640306744439841,0.25,"12",0.0988925571002848,0.136018871308463,0.0613037595082826,0.0858609641578241,0.083272676632153,1.2827206080087,1.35360306915159,0.788981140917222,1.00436944272552,1.09230559356899
"270","M47993",107,12,0.559555681014757,0.904144176749813,0,0.312761321909935,0,"12",0.0981420970631592,0.122904887416945,0.0959682701697505,0.10880617755266,0.0889018163319753,0.645544396010783,0.79618923292731,0.63181315313535,0.711646147324308,0.58651969765642
"271","M47994",116,12,0.524256687493746,0.990350527651286,0.731164404349572,0.456286722575922,0.25,"12",0.115978380511562,0.0488846513612897,0.0896700548030805,0.0679766049525152,0.0757996897819931,1.66834239816318,0.737711563400381,1.30857029883994,1.00955399840811,1.11668076685019
"272","M47995",116,12,0.860539748086998,0.99732073748015,0.999277780132966,0.613213640981806,0.05,"12",0.104187082639219,0.0468767946669879,0.0608291324279248,0.0399751174713649,0.0696900454452238,1.47199619737822,0.545068059113878,0.835761021358587,0.630115404639027,0.980931804083015
"273","M47996",152,12,0.824468796611314,0.867586918662334,0.835681367417788,-0.145134290811222,0.5,"12",0.400430508942965,0.351599157896897,0.398628615260304,0.376332026975436,0.347864736561881,2.46962523980609,2.18240840664951,2.509752748976,2.34608057781276,2.03163952188808
"274","M47997",152,12,0.726417712878278,0.909066882683156,0.690065286590793,-0.0557758678366421,0.75,"12",0.29843092738171,0.160867182840697,0.352943951337474,0.25196417497872,0.370455105347773,1.01616326394648,0.310957016416557,0.724803910315062,0.48655137039199,1.33017109584236
"275","M47998",118,12,0.813381804864392,0.494516215241135,0.155873556954066,0.680612211471169,1,"12",0.0227665576485877,0.0333752610206791,0.0305720867909721,0.0297370733027507,0.0203958114631754,0.264220228107293,0.39024047737418,0.357654329632964,0.347096470375779,0.236399994049483
"276","M47999",118,12,0.827922735576931,0.54867997802355,0.283281466036854,0.601609274867928,1,"12",0.0161845132008931,0.0199246716622964,0.0289736128702765,0.0216360912125004,0.0142758075644297,0.255178591423133,0.31495132790527,0.467635206739147,0.344324208344142,0.224854685196413
"277","M48000",118,12,0.792832491680992,0.539264212915308,0.156360918771254,0.709367251542495,1,"12",0.0275744793709661,0.0211200920808868,0.0380909899021768,0.0290397004192061,0.0217084331179648,0.334762012181367,0.255859700164343,0.472234428923348,0.355790011749976,0.262634992017446
