"","Series","sMAPE.Naive2","sMAPE.ARIMA","sMAPE.ETS","sMAPE.ETSARIMA","sMAPE.Legaki","MASE.Naive2","MASE.ARIMA","MASE.ETS","MASE.ETSARIMA","MASE.Legaki"
"1","W1",0.0205684270046445,0.0224175016744367,0.0464648944201719,0.0307074356131765,0.0178743680638898,11.4596144093622,12.4883765720181,25.5067996936704,17.0503341129451,9.95902123920073
"2","W2",0.035461210183042,0.0378160351012289,0.0660758573628704,0.0501614576511145,0.0326920393001856,10.39766273478,11.0703562200712,18.997519322886,14.5735452158878,9.59850938169719
"3","W3",0.0303164478100818,0.00716528896902493,0.014339276563904,0.0102514102025645,0.0278191452636276,8.8679604518972,2.12209627826733,4.23428590931235,3.03430595246997,8.1498193636794
"4","W4",0.200537447525714,0.155381585995436,0.193051969048121,0.170746839646685,0.222782892505719,1.63939935547556,1.31401049618821,1.58656332411334,1.42829774739405,1.790923222836
"5","W5",0.238579138383799,0.125521222953644,0.151891832217301,0.121176786425127,0.228069981777162,0.575470379150547,0.32325625660633,0.384630575326261,0.310805078475546,0.553632901472634
"6","W6",0.463462280671242,0.234781550821463,0.17894815861826,0.199011244682278,0.450918002779369,1.41969464694546,0.840890524497912,0.666789134357798,0.73222627833112,1.39159332015505
"7","W7",0.259929313767791,0.254872050982628,0.26293751171883,0.257704516860966,0.262096889659757,0.55710688814779,0.546194628815745,0.560326109720573,0.550747056720281,0.560958353583742
"8","W8",0.385098555413342,0.334593337192079,0.439016860252673,0.374220624043475,0.448683557628872,2.01921486006755,1.81055497241443,2.22348017671038,1.97591634634908,2.25844409209405
"9","W9",0.115150267850059,0.104713192886386,0.137527556615658,0.117570297679427,0.155576061993926,0.904587058109907,0.829264177920013,1.06320506493526,0.922199813443306,1.18808921585655
"10","W10",0.0571034664702589,0.0577760964998868,0.0570959483631213,0.057434891680384,0.0473569462270061,5.13829951933677,5.19645231970987,5.13764846198722,5.16696448203551,4.28709786592532
"11","W11",0.0701164483837709,0.142755484188536,0.201417893210689,0.170006778735287,0.0712179975312875,0.189376426604876,0.410863550374731,0.618999117879053,0.50549298149013,0.192297954924881
"12","W12",0.0336265252853825,0.0266001683423037,0.0326464579163528,0.0294974196793131,0.0329716641909571,2.79695175380367,2.22176785436458,2.71697656272728,2.45946223172178,2.74352072925674
"13","W13",0.0478813676953132,0.0375015116275462,0.0478774658859474,0.0420930357560663,0.0503003834668174,5.22752796703026,4.07568681201656,5.22709257333928,4.58355561286993,5.49800778458278
"14","W14",0.0301481997221492,0.0340111853361089,0.0296981307084346,0.028869071448658,0.0294751363401269,2.59650573821789,2.91662103365124,2.55749269887083,2.48508027409119,2.53783040861837
"15","W15",0.225290794626272,0.119483370226538,0.219242180841935,0.157313662655069,0.183208968324596,10.2911827001387,5.19952093659101,9.97018453866764,6.88701038830452,8.12779561204042
"16","W16",0.225290794626272,0.116836029654668,0.225288045786562,0.160574917755924,0.188613956945492,10.5764519207887,5.23467818074993,10.5763012176068,7.23455302775748,8.62876982807924
"17","W17",0.0198197394779426,0.0191888707586796,0.02130485544404,0.0201842436698339,0.0127751654388258,6.72953931960288,6.51826660581415,7.22550938955568,6.85142405185431,4.35322609675157
"18","W18",0.053937143422502,0.0401256503712609,0.0464032060373948,0.0432765019693975,0.070180818488785,7.23893853219396,5.33483539007121,6.19210019858184,5.76346779432652,9.5466932040364
"19","W19",0.30820917044145,0.20869711410574,0.185080876150199,0.184497674760936,0.286004180400261,0.73085023656962,0.538424971282726,0.479747250628252,0.480463363633774,0.691433508810518
"20","W20",0.122525671516639,0.135122627202654,0.131927959370656,0.133281588274899,0.125687257813745,0.849284050204455,0.948871949186444,0.923366551588381,0.934114378401323,0.873751817630861
"21","W21",0.276590882813171,0.166543208316008,0.162032818353663,0.161596641340546,0.29231007801686,0.880650791473351,0.566772462189495,0.549749297181838,0.549447505532448,0.921518932544743
"22","W22",0.152431401371493,0.129553299173452,0.140236096042023,0.131352234382329,0.134715113647165,0.479194028184552,0.401242759866374,0.436967137692637,0.407015683608096,0.417270680735981
"23","W23",0.0975754450432757,0.104538815665583,0.0989412924393878,0.100410545561137,0.0989232610868991,0.486942856583958,0.524334901619508,0.494210209696417,0.502129963521741,0.494111791542213
"24","W24",0.262555340944001,0.260641393524568,0.257808212827851,0.245787200557362,0.25478213683872,1.15951236148473,1.1596569335106,1.13439432257012,1.10013652151952,1.13714988421467
"25","W25",0.44360264116067,0.196433988670489,0.39166444090301,0.282649599154627,0.502434851493677,2.47518246664175,1.240346274896,2.23868988311995,1.70681941066436,2.7183172885982
"26","W26",0.450957226445245,0.24648342715726,0.445466939328532,0.333598487476063,0.438028759275086,1.35274456497903,0.834855239034532,1.34039330054849,1.07146920648773,1.32337913243234
"27","W27",0.4057805459718,0.275252450342554,0.43435389470962,0.351601530553318,0.435803524348945,1.47272190642289,1.07933425242093,1.55140970863571,1.31537198052832,1.55533137947383
"28","W28",0.348376662394872,0.436077718963697,0.369535787935278,0.404925319425108,0.384111800338223,1.23126861308327,1.54752577339157,1.29830652200928,1.42291614770042,1.34768724632658
"29","W29",0.441535624055139,0.325780119544262,0.471413711504134,0.390686640039816,0.517979767338861,1.5894964588849,1.25934929889046,1.66543230308729,1.44803634350642,1.78516333506765
"30","W30",0.256478713755153,0.213301004571959,0.243827560294851,0.22781330440427,0.27341062831279,1.60147294399066,1.37278091337799,1.53600345122946,1.45149207743827,1.68696091072267
"31","W31",0.318709997250294,0.377727251727926,0.303474300365546,0.330033190162968,0.418408743488096,1.62700457794567,1.88639124642069,1.56679606940225,1.68817537217951,2.04411702290669
"32","W32",0.346771598582417,0.367423762987488,0.355510885793007,0.361444407956735,0.371072580364315,1.98080587155426,2.07742274116458,2.02187909272744,2.04965091694601,2.09432026473199
"33","W33",0.361990607890258,0.196588657972835,0.357383975234076,0.273116333092587,0.37284166450075,2.38339687285854,1.44749067428009,2.35911250090425,1.90100085444895,2.4387052897134
"34","W34",0.275033627175153,0.313831346619679,0.334946296521684,0.324318044338971,0.335374654493979,2.02267700957826,2.24750135606262,2.36704449637498,2.3072729262188,2.36942866706113
"35","W35",0.404681710152945,0.383096647724366,0.387036317145075,0.385055311769353,0.395078735500443,1.71869063886027,1.64702356653041,1.66035967730004,1.65369162191522,1.68710865166425
"36","W36",0.174770256057119,0.143885435680744,0.169926526835725,0.157000092738884,0.169147770383529,2.29868693766787,1.8713498644219,2.22926752188346,2.05030869315268,2.21831992372452
"37","W37",0.0157122770864202,0.0166081446068316,0.0191816328820123,0.0178834803286571,0.0179844560068793,2.52367313408819,2.66908468970656,3.08732057089495,2.87616954794698,2.892578055704
"38","W38",0.019164116565712,0.020305692222074,0.0191632804354036,0.0197347097678473,0.019751467953897,1.61800949032487,1.71565594851209,1.6179380280791,1.66679698829559,1.66822793922644
"39","W39",0.0131221978776724,0.0196156019974852,0.0169813738983128,0.0182997339109243,0.0157926346116741,2.80590082166176,4.21124818281662,3.63965217582255,3.92545017931959,3.38262245322994
"40","W40",0.0131961337310468,0.0202419635937267,0.018052339980203,0.0191480423224948,0.0158671832704297,2.89785070222527,4.46447585222196,3.97598536870836,4.22023061046516,3.49027499424992
"41","W41",0.0180975577713292,0.0180975577713292,0.0180627100788016,0.0180801341323309,0.0188560644351169,1.49747209806019,1.49747209806019,1.4945548811946,1.49601348962739,1.56100832293862
"42","W42",0.018068603694846,0.018068603694846,0.0197358299518275,0.0188344929090973,0.0187332440634673,1.47746796989254,1.47746796989254,1.61554780126986,1.54085629919686,1.53247198747277
"43","W43",0.0180830078920691,0.0180830078920691,0.0180173675189087,0.0180501884373599,0.0187684808432925,1.49920519349432,1.49920519349432,1.49370011350262,1.49645265349847,1.55672851656998
"44","W44",0.013270320061719,0.019457373972448,0.0200893984273854,0.0197734386838557,0.0159419876776841,2.91865118584922,4.29577296333731,4.43686570018373,4.36631933176051,3.5121408440643
"45","W45",0.0403946067857411,0.038237649497618,0.0392279556932217,0.0387322063899997,0.0391851885653643,5.89336730872642,5.58679163414195,5.72781959771956,5.65730561593076,5.7217469505116
"46","W46",0.0493132292430748,0.0516561683843343,0.051384187783714,0.0515201875756119,0.0523859398391392,4.0079977746024,4.20382782248494,4.18107068741102,4.19244925494797,4.26493541942773
"47","W47",0.0402228569669319,0.0381336723656277,0.0390698342964309,0.0386011664238617,0.0390114159798215,5.86741820064503,5.57049941255651,5.70382028544387,5.63715984900019,5.69552598663844
"48","W48",0.0232930288770002,0.0264672709292784,0.0174615664949304,0.0219804080283242,0.0247361677672631,3.28411154094898,3.74012514807642,2.45232778664881,3.09622646736261,3.49112279244333
"49","W49",0.030902862931579,0.030734995946679,0.0307514552229356,0.0307432254477573,0.0307583422273533,2.58028392055722,2.56639738290928,2.56775936832904,2.56707837561916,2.56833457829133
"50","W50",0.0308681193116298,0.0306997705143135,0.0307170938187322,0.0307084320146922,0.0307230670012632,2.57680814932256,2.5628875486863,2.56432043392198,2.56360399130414,2.56481954460216
"51","W51",0.0158119698529402,0.0158119698529402,0.0158128436633062,0.015812406758551,0.0157300704619655,1.79450972513402,1.79450972513402,1.79460919921444,1.79455946217423,1.78518740165875
"52","W52",0.0170581151879506,0.0170581151879506,0.0170974743855713,0.0170777950179537,0.0176880936933435,1.39877650296047,1.39877650296047,1.402049112093,1.40041280752674,1.45118410445839
"53","W53",0.0650107763490411,0.0636682110491518,0.0659324304823641,0.0645044726613804,0.0647168026467496,0.704855067103792,0.691088438020877,0.714274906110216,0.69967338018593,0.70186104460399
"54","W54",0.0128907300361116,0.00814196314668667,0.00896429552425791,0.00818288451149769,0.00788298181345002,0.683182486035821,0.430017571009723,0.473597435806372,0.432076362667989,0.416160375960375
"55","W55",0.0521236935627286,0.0478820602031973,0.0521238186540811,0.0488567560183913,0.0503849100486479,1.9887577762179,1.81994030932294,1.9887626143447,1.86015237088069,1.92072399708548
"56","W56",0.165002412638418,0.142942478368567,0.0723630812426204,0.106675555455193,0.164020129433662,6.87712409497122,6.03670572122195,3.20922065298736,4.62092425489445,6.84011434185042
"57","W57",0.312708274440536,0.188437377992166,0.038873355804007,0.104867441477046,0.313446537326188,14.1709633649932,5.83464147984325,1.34184117345235,3.40775073066384,14.2121124406257
"58","W58",0.0846692378145297,0.0759367509742948,0.086904639045869,0.0808861598451942,0.0846221722552343,3.6790677214414,3.30690102367365,3.77335284411866,3.518653166025,3.67708003699228
"59","W59",0.316621007761539,0.144738621776773,0.190150715353772,0.163053388030116,0.174318065326039,1.55755879502344,0.617745023510107,0.84445352199664,0.707665217280625,0.764102078794221
"60","W60",0.0393938530663539,0.0384503059476156,0.0380370964794189,0.038243662547984,0.0399221896286031,6.44699453277139,6.29612683579626,6.22998120059204,6.26305401819415,6.53141933384187
"61","W61",0.0517657300859427,0.0489787892871069,0.029579930935207,0.0376700326954387,0.0307307630517993,4.37591586976598,4.25567798915969,2.52658282522328,3.23702535847083,2.62540876327231
"62","W62",0.0251302605138041,0.0240944545428021,0.0230240384679672,0.0235580643931963,0.0247852306242448,2.91206558513721,2.79377423002215,2.67167981891534,2.73272702446874,2.87252036565567
"63","W63",0.029603508834658,0.0265439777334808,0.0267163992041637,0.0242063982708239,0.02818927036689,2.78161848822674,2.50269216451956,2.51814006028361,2.28704920700049,2.65267312305215
"64","W64",0.0635196611109787,0.0295948815320023,0.0545795006805227,0.0392860125663858,0.0569065090323901,4.22988458379616,2.00346146579093,3.62824174894776,2.63062683216692,3.7803163941062
"65","W65",0.0533601644770827,0.0261901790594339,0.0458543864919771,0.0337225911408103,0.0488204675923787,3.86440152317776,1.92065941755699,3.31642864063873,2.45531649583004,3.52848117164754
"66","W66",0.0329595138864637,0.00367549062440678,0.0251523035379738,0.013721503400773,0.0265785405262444,8.35471017538644,0.939400454632566,6.4065033345859,3.52056343693952,6.76403001095173
"67","W67",0.0340498328291876,0.0135460713279284,0.0196075001451382,0.0165680224873025,0.0309177861312161,15.2145718721846,6.12834051765665,8.8436462784184,7.48523762326606,13.842885834555
"68","W68",0.0106265718275986,0.0216513448064679,0.0209820857215725,0.0213166364330034,0.00609123422100785,2.38534342259018,4.82815659001923,4.68068604622177,4.7544213181205,1.37596743228344
"69","W69",0.0103039131667706,0.0207217027619182,0.0249439301477354,0.022829497103811,0.00639716224358952,1.82602512343151,3.64912528350442,4.38021188685695,4.01466858518068,1.13803913255506
"70","W70",0.00744968318491602,0.0177123886195073,0.00956557832506394,0.0132372452852459,0.0138499233316245,0.591591476268806,1.39411077165463,0.758302278326085,1.0457883724194,1.09366546117285
"71","W71",0.0124545568354801,0.0619705709929471,0.0126589135387858,0.0237899765398654,0.0262743532814641,0.194420821842855,0.923884611300382,0.197636976851374,0.363123817224503,0.400184585168497
"72","W72",0.0124545568354801,0.0590013147247248,0.0124550919832802,0.0224809910636178,0.0270122521514201,0.233635004621215,1.0591742718561,0.233645124432798,0.412764573711649,0.494032050627165
"73","W73",0.0124545568354801,0.0590138063535027,0.0124550919832802,0.022486998300605,0.0269900458961829,0.233606748019165,1.05926492275484,0.233616866606824,0.412824028074006,0.493568838963292
"74","W74",0.338518314917215,0.209412688806427,0.338497900108823,0.272132031409081,0.327609765954658,20.7398173060179,11.834379194746,20.7382668863552,15.9397610814882,19.9181469370453
"75","W75",0.0354115248854078,0.0254744447403425,0.0340679392102066,0.0281176126942346,0.0290576729896986,2.96933682239759,2.13462424800776,2.8594288054194,2.36390135641818,2.44302979225274
"76","W76",0.226244343891403,0.933208615300702,0.176592971770992,0.342816425735,0.213749695102929,1.30955549640671,3.26848803013531,1.00419396973659,1.67315285906896,1.20479899567217
"77","W77",0.127940180039305,0.23123224536599,0.111545287182532,0.16127181106927,0.118230168576117,3.00751373315416,5.10455714194392,2.64843895341968,3.71071076518766,2.79600890684928
"78","W78",0.129414829181357,0.215090782603444,0.109025292388612,0.160322662023384,0.112683865358895,2.43579774416596,3.83856267548637,2.08165736423558,2.95734276657454,2.14587646117878
"79","W79",0.176113746568389,0.129058624954721,0.0796029422126315,0.0781575516014388,0.18166195195806,3.08398347865994,2.31866396750365,1.49302977431575,1.45039045853389,3.17174761164205
"80","W80",0.118087990104915,0.133556768998693,0.118095809940326,0.125772228411025,0.123314993414176,1.94762457534159,2.18160594378946,1.94774436351175,2.0646751536506,2.02735892488046
"81","W81",0.0257350601652351,0.034508148720782,0.0254404723896106,0.0291068676131974,0.0260125383145,2.57644271603195,3.43513836689014,2.54677785760286,2.91005490042529,2.60415941382903
"82","W82",0.00136951256490165,0.00140336572621944,0.00200326356601948,0.0016229192568332,0.00751420310442016,0.749480791705677,0.76787722904708,1.09563034372334,0.887884701448742,4.13007553241397
"83","W83",0.00620011174315087,0.0124872667840698,0.00616124098912381,0.00847087081245767,0.0076221356294912,1.05156298828587,2.12921901491158,1.04498744851719,1.43878725781094,1.29370591122613
"84","W84",0.0066263630362443,0.0131422893412582,0.0133918102902548,0.013267064552887,0.00864539342527556,1.04989685888618,2.0909867063841,2.13111705375834,2.11105188007122,1.37077061848957
"85","W85",0.0166886110111649,0.0156750230851187,0.020259740601254,0.0179635644597844,0.00710648687796358,5.05680396376558,4.75238476953636,6.12429035902932,5.43833756428284,2.16921415052526
"86","W86",0.0168143504344945,0.0165994269700197,0.0190116768143048,0.0178039673697066,0.0072401670278603,4.89698247313283,4.8344251662638,5.52881163338427,5.18161839982403,2.12372403397319
"87","W87",0.00960115426905322,0.0216362248060225,0.00902028373081257,0.0153031959141061,0.0177517107261021,1.0943122610854,2.44832979246109,1.02843654456906,1.73838316851508,2.01358198723123
"88","W88",0.00617573760235663,0.00568339845649188,0.00389904453409507,0.00471162658495514,0.00416642868798742,2.18983334384012,2.0229540222834,1.38533637881421,1.67567105284364,1.47910182239148
"89","W89",0.0507354806708399,0.0767237114570648,0.0753976327675492,0.0760615207787031,0.0690593386900082,0.667224281250091,1.02673793135987,1.00809534895091,1.01741664015539,0.919588500465593
"90","W90",0.0164043458426911,0.0103179124294956,0.00841050971632734,0.00931654640790702,0.0110371130521044,1.83354233237973,1.15724844264776,0.943838629143247,1.04527769661866,1.23752099440776
"91","W91",0.0140205934293621,0.00865014939801614,0.0121953010687958,0.00975774361888299,0.010222472167593,2.23230553031514,1.38127587853545,1.95215696900704,1.55920716572253,1.63395220631438
"92","W92",0.0241118928109879,0.0225211560363318,0.0276444937594453,0.024754867134815,0.0469000708256329,2.85184206286477,2.66551691732087,3.29002485382362,2.93660904213588,5.66327496859293
"93","W93",0.00893821411438229,0.00512349312389015,0.00397739218969409,0.00449957403028117,0.00736737191578108,1.41790848532883,0.814275894163885,0.63243669947937,0.715350831946468,1.16972231823429
"94","W94",0.0984625539253342,0.0972661736598411,0.0976930853594972,0.0974796051486973,0.104421498850291,2.97385712652562,2.93984417653076,2.95198800613806,2.94591609133441,3.14260717227625
"95","W95",0.085564100694564,0.0882134284228132,0.0884691467292529,0.0883412801938467,0.0924203323382077,2.51199744197768,2.58532364456606,2.59238106772014,2.5888523561431,2.7012252494821
"96","W96",0.0117350533937805,0.00333069164654893,0.00367358236076144,0.00348563060347714,0.00641917424660705,4.64449553648871,1.32360184016595,1.46027050985374,1.38542923805181,2.54935391231309
"97","W97",0.0799678482227819,0.0365717573011917,0.0423598423217742,0.0391658896297139,0.0359784716042592,0.550204462995237,0.259596897949281,0.300049774958601,0.277719592011464,0.255322061657014
"98","W98",0.0531404194944791,0.0258571217556573,0.0313427169418741,0.0286154756023343,0.0278446973090318,0.451724822087648,0.224463350892774,0.271613585685279,0.248038468289026,0.241432948709634
"99","W99",0.0150863480002724,0.00659884849907513,0.0116419036164391,0.00911576802137471,0.0195329424274061,4.64542141219242,2.0161559459258,3.54354025817791,2.77984810205185,6.02987257447039
"100","W100",0.0256924835343173,0.0248368227873981,0.0216462107539389,0.0232382521080987,0.0179728432237889,5.37111599897502,5.19381568227134,4.53687123429954,4.86534345828544,3.77532432581744
"101","W101",0.0158037494892076,0.00402434151159764,0.00760281158676424,0.00581120447330304,0.0119556751617231,3.21484764427009,0.825681507260494,1.55403640173218,1.18985895449634,2.43785216910494
"102","W102",0.00957776157712037,0.0168650866095105,0.0138495862257141,0.0153588986800667,0.0107656311559929,2.4542787791495,4.34515737494151,3.56039783269117,3.95277760381634,2.76123550768764
"103","W103",0.0306565663223681,0.0292066301179696,0.0307656757460874,0.0299849012006576,0.0304113873084963,2.8314469125742,2.69866619576163,2.84141673206208,2.77004146391185,2.80906613015943
"104","W104",0.0322890231277905,0.00570376627872972,0.0039588700249993,0.00289487059147807,0.0272822141332902,3.19891519428913,0.553225072603799,0.387201146990085,0.283863069460542,2.69429551934132
"105","W105",0.00906809208763317,0.0116497494844216,0.0113657619384417,0.011507768768253,0.0132856377754945,4.01871134940124,5.17198353766104,5.04493205151226,5.10845779458665,5.90476915643043
"106","W106",0.00482257828404618,0.00265008660972076,0.00291451947109518,0.00278225865982325,0.00349551097355103,0.943051590750159,0.519128442737421,0.570792374878089,0.544960408807755,0.684131142306419
"107","W107",0.0168747158948313,0.00670907332785384,0.00652818578294603,0.00661862190888162,0.0138956595216911,9.09981973989515,3.63454070086058,3.53750057376767,3.58602063731411,7.5054428881991
"108","W108",0.00656527429150627,0.0187904678187299,0.00461161082111848,0.00776525047638215,0.00355815272070296,3.42190276819273,9.70754152867967,2.41159950890798,4.04274380891296,1.85842374321116
"109","W109",0.0078493881932691,0.0220337406506759,0.00449771884095271,0.00966696960127887,0.00414332292541807,3.60864679617067,10.0263669082551,2.07384397649097,4.43714303609957,1.90939688831738
"110","W110",0.0212501441536618,0.00890998965911729,0.0109688970235615,0.00993871709003989,0.017300446165639,3.37817354886762,1.4260928948134,1.75408102481029,1.59008695981184,2.75683996001171
"111","W111",0.00986437321237001,0.0219487147406488,0.00991702386614516,0.0159100953619335,0.0180262641056061,1.1103061992757,2.45269358347144,1.11619608024518,1.7844448318583,2.01924692911913
"112","W112",0.00713107539889719,0.00733407664944863,0.00551202537668748,0.00634203759875755,0.00577770816716421,2.32926195452662,2.40429151104002,1.80397100110865,2.07723780059065,1.88868314470787
"113","W113",0.0302807247055043,0.0303494239153598,0.0307947080764157,0.030572373657803,0.0287717859916611,0.318352069413822,0.319083545919766,0.323820100848042,0.321451823383904,0.302413841673259
"114","W114",0.025586985364833,0.025586985364833,0.0332383893985377,0.0294213463577572,0.0297844563284228,2.03883116647186,2.03883116647186,2.66017777938315,2.34950447292751,2.37898276377205
"115","W115",0.0241870995610809,0.0280142776721448,0.0276212770023052,0.0278182398540406,0.0310932086024445,2.77632450750421,3.22298162728574,3.17675822657305,3.19986992692939,3.58324275109161
"116","W116",0.0288967933482467,0.103241175662611,0.0275660580213611,0.0479932206230729,0.0291166366956623,2.46500162298763,8.26694129390564,2.3572019228156,4.00524632185752,2.49181202299604
"117","W117",0.0163534097575188,0.0142448876184185,0.0163534569811054,0.0150300390624856,0.0143154728597487,3.44050759760854,3.00246112845896,3.44051736440546,3.16645221520578,3.01731049733163
"118","W118",0.00895238631160394,0.00511873164189941,0.00895272350884856,0.0070332887081076,0.00737130872905209,1.42004103241527,0.813459043770346,1.42009424978482,1.11677664677758,1.17025810074824
"119","W119",0.156684792852318,0.145853475008044,0.146299332076037,0.146076370253562,0.15356068946274,3.41719881911885,3.20054565121585,3.20951260443807,3.20502912782696,3.35511089250513
"120","W120",0.132135147758916,0.133572794976706,0.131913803301401,0.132742878166582,0.136390486151882,2.71792181060362,2.74497780375717,2.71374909020647,2.72936344698182,2.79804008316443
"121","W121",0.0163032207181165,0.0332293526779207,0.00694909289523423,0.0196042533348934,0.0110988408748003,5.87229772569811,11.8492564407623,2.51671632590284,7.04717575421119,4.01056739862268
"122","W122",0.056445189076696,0.0595181378380424,0.0682788317737505,0.0610922892977053,0.0581311468121175,0.307224957987091,0.324645700404049,0.37079023337933,0.332755228305405,0.316720597543255
"123","W123",0.0472347546986398,0.0482587333183459,0.0505955094815627,0.0466686700002197,0.050732748532158,0.319830748398207,0.327035634863359,0.341882585554971,0.315719083146542,0.344354143324629
"124","W124",0.0066651884107413,0.0085386104446964,0.0055117007029348,0.0049176942695204,0.00934478614569054,1.93841998403785,2.48677693409161,1.5988497693054,1.42868820493791,2.72289385744101
"125","W125",0.0222566657203743,0.0178712130891383,0.0178671550189004,0.0178691463027791,0.0143104073792096,4.78432035860389,3.852290489768,3.8513878172774,3.8518391535227,3.09071700016542
"126","W126",0.0183049011981861,0.00676812070688327,0.0103077987459186,0.00850779994154341,0.0149145268303836,3.63695786490962,1.35485027964718,2.05748368638503,1.70071996220755,2.96910256694725
"127","W127",0.0216574504680041,0.147339967540644,0.0179359636007316,0.0835690680647374,0.015844053220953,4.64173069353741,34.4726702479508,3.83558440871467,18.732557772708,3.38530737975614
"128","W128",0.031493663558348,0.0290370235083082,0.0314754140233435,0.0302540699422258,0.0309180626213015,2.97352482904865,2.74481956943993,2.97182670831988,2.8583231388799,2.92009236508897
"129","W129",0.0317351361474767,0.00716592574526816,0.00314186893583306,0.003753250913667,0.0271773986443354,3.17372938589055,0.699476072960653,0.310744636005993,0.36959461461985,2.71013785824413
"130","W130",0.00687883117470086,0.0145166188611087,0.00987492947811653,0.0121266364441755,0.0104047965402259,3.29530181738872,6.9919774636906,4.74075595006096,5.83118299225899,4.99706462901084
"131","W131",0.00483440327680513,0.00265232921800174,0.00293114740062697,0.00279168544844579,0.00349706641905979,0.944664145048033,0.519183357075913,0.573544484577531,0.546363920826717,0.683932467938743
"132","W132",0.0168539529592556,0.00786019722525953,0.00688562701317598,0.00737276444216089,0.0137685421583782,9.37266306721029,4.38984140152829,3.8465722417262,4.11820682162724,7.66974046558797
"133","W133",0.00874267204862111,0.0026783228719872,0.00286733276213055,0.00277280110311226,0.00492292355088361,4.16168743934685,1.2775189999279,1.36740891975443,1.32246395984117,2.34826083356307
"134","W134",0.0106770780628308,0.00364494640105201,0.00397951813908802,0.00381216558831961,0.00709083129542955,4.35570829116618,1.49113585804079,1.62763299370078,1.55938442587078,2.89860370792656
"135","W135",0.0208584763893394,0.00872940648188939,0.00973258687083616,0.00923080947153002,0.0165233188160607,3.3014095225032,1.39046158951777,1.5498232350472,1.47014241228249,2.62210407371894
"136","W136",0.0369056442378644,0.0186089193441909,0.0179079052155101,0.0182623824208953,0.0339228558344362,7.04441500924705,3.63875493482914,3.47403443326172,3.55639468404543,6.48642887404345
"137","W137",0.00912741335370022,0.0102421570615676,0.0042058413947966,0.00609863453738972,0.00766312431533775,2.58238563645028,2.91929781657288,1.19129412237876,1.73148893262366,2.16998281037379
"138","W138",0.0644088704618129,0.0645581970197754,0.0647884256575993,0.0646731424645794,0.0633344945297061,0.495594330570572,0.496760486365792,0.498557773788986,0.497659130077389,0.48734762456865
"139","W139",0.028407651236853,0.028407651236853,0.0383688443461858,0.0334032293574846,0.0336870872379514,2.18143747467631,2.18143747467631,2.96415974105111,2.57279860786371,2.59506037502266
"140","W140",0.0271922917203326,0.0277704263274069,0.0335901762378407,0.0306852204835231,0.0325122080788354,2.52291824465959,2.57753630008816,3.12897785920352,2.85325707964585,3.0265545939478
"141","W141",0.0308322070124901,0.0309070772980776,0.0294041566809287,0.0300285579948201,0.0355776566447279,2.10591796868753,2.11444639440988,2.01063072329355,2.05344341425944,2.43931739496128
"142","W142",0.0147295252817104,0.0147384631848414,0.0147294833317752,0.0147339734022062,0.0132525276813586,3.03913481656466,3.04094719837281,3.0391263104325,3.04003675440266,2.73643706359835
"143","W143",0.00737124065683789,0.00558040956362104,0.00579987567418726,0.00566898432892704,0.00606867743741591,1.29479072622133,0.981737217027549,1.02032667132946,0.99735611174942,1.06719442714596
"144","W144",0.154938117716919,0.154112576571243,0.136140134974634,0.145083998250812,0.143655337388783,3.28467415557206,3.26866580817334,2.91650641450811,3.09258611134073,3.06474038150652
"145","W145",0.128741968795939,0.121867327484145,0.128064330692145,0.124941986417412,0.123804391335202,2.54741645315672,2.42204179776532,2.53510307229689,2.47824004548865,2.45734723688097
"146","W146",0.0183046591806493,0.0432275543478639,0.00899314413888663,0.0256851966126273,0.0136216098488689,5.05391575829919,11.7600159189622,2.49678698784891,7.06027125964183,3.77162727608546
"147","W147",0.132847646286563,0.117512886358693,0.114134362542306,0.115830114862785,0.109348538212862,0.312175217493213,0.2737088808446,0.265248328364321,0.269478604604461,0.253411846417327
"148","W148",0.0991961083667948,0.084644301297721,0.0932161130507728,0.088940626502219,0.0901687948450856,0.384118211561283,0.324981638150206,0.359700057212245,0.342340847681225,0.347323298369327
"149","W149",0.0107841918513742,0.00832350343428707,0.0113626704637849,0.00974315721905937,0.0121924412388589,1.76739163430956,1.3610402652699,1.85369475225239,1.59181555074568,2.00021433383524
"150","W150",0.0288079250404443,0.0201728369279924,0.0253364791929031,0.0227502022049867,0.0189942774860093,4.3481015447741,3.06163514344787,3.83257342683144,3.44710428513965,2.88452623148451
"151","W151",0.0202197024206838,0.0112894772368083,0.0112952235416752,0.0112922591410862,0.0162118676084369,5.47229289071271,3.07086186517605,3.07273706410208,3.07179946463907,4.39780774438275
"152","W152",0.0236410762889791,0.0814712097583036,0.0198623515885381,0.0496035031148393,0.0177649170814251,4.06795230045353,14.6376085141676,3.40963812610268,8.71562899176434,3.04654744156118
"153","W153",0.031815062978995,0.0289716215003905,0.0321686421241117,0.0305667082966991,0.0313984531781768,2.53738095862095,2.31306203231767,2.56515396774551,2.43910800003159,2.50465903925409
"154","W154",0.028158368853513,0.00290893103636668,0.0102962586490246,0.00528503272065599,0.0333770989348431,2.43667915814405,0.250240997891453,0.881395628586412,0.45236073724257,2.89858727974502
"155","W155",0.0110792245338113,0.0111452984177219,0.0152090986151763,0.0131498641569174,0.0142632866779647,2.48638108756965,2.50135528946251,3.42347935116425,2.95551644329642,3.20835110505818
"156","W156",0.0131960182404187,0.0167559129648902,0.0151761783409407,0.0159664700835716,0.0169467407070292,4.35814713670095,5.54861259940145,5.01963126534813,5.28412193237479,5.61276968577969
"157","W157",0.00468259446439013,0.00436296815539293,0.00467723373753877,0.00450614816849152,0.00519976346410308,1.02130725192265,0.951676120444313,1.02014025057122,0.982881010312461,1.13462139940443
"158","W158",0.0142626102500884,0.00658553359566898,0.00651593783012523,0.00655075285495572,0.0110394233657998,6.15726550040028,2.85772383791923,2.82946534717026,2.84359459254473,4.77488069555264
"159","W159",0.0075508735255473,0.00400935696369067,0.00376709351732414,0.00386902214755944,0.00441898767792885,2.58375742606437,1.37416147612866,1.29069830506919,1.32584862669714,1.51426760327992
"160","W160",0.0103408392570123,0.0375798901442277,0.00521030852448808,0.0200011978992154,0.0068098531924779,3.2648150050435,11.6636985549315,1.64861148267111,6.27511674397596,2.15406975156294
"161","W161",0.011266730008685,0.0086226207301959,0.00678254966290548,0.00628391699759313,0.00730054618501946,2.97214381535506,2.29653432852186,1.79394486947302,1.66686072490769,1.9302060026046
"162","W162",0.0238101779588612,0.00863309326129237,0.009305501357033,0.00815065146383134,0.0210607550607423,4.89823693952411,1.7921940763911,1.92745321371269,1.68921334722914,4.33972468098077
"163","W163",0.01178440272925,0.0198602420776971,0.0113889001524117,0.0156132316279259,0.0167326383255546,1.55199317770442,2.6028684915227,1.50024919507581,2.05155884329925,2.19717944151248
"164","W164",0.00629639378200059,0.0164731223432181,0.0164312478428523,0.0164522039446886,0.00749688016795078,1.24418172484767,3.2789211136034,3.27065629793239,3.27478870576789,1.48192615956104
"165","W165",0.0203369124342283,0.0236091121090689,0.023126150009841,0.0233678203007804,0.0226639427442699,0.226492034767444,0.263401273301467,0.257928946018479,0.260665109659973,0.252670724907433
"166","W166",0.0201648478535902,0.0171937628785855,0.0201944446392055,0.0186959564327312,0.0208683685751663,1.3229967588019,1.1262854666911,1.32496118382225,1.22562332525668,1.36972369824187
"167","W167",0.0193356193189504,0.0192161891133602,0.0192150580067962,0.0192156235603124,0.0205673927367669,1.09923714254909,1.0923808143601,1.09231588478007,1.09234834957008,1.17006351414027
"168","W168",0.0406775028156012,0.0292863910706556,0.03047774677173,0.0298062661193504,0.0300284317886556,2.76039932881844,2.00087254192419,2.08114973565475,2.03590735405918,2.0508225089655
"169","W169",0.0252052485086183,0.0250144219800465,0.0252056869173412,0.0251100461491536,0.0223364446452635,3.59675363808056,3.57019250739375,3.59681464978626,3.58350357859001,3.19658182024069
"170","W170",0.0161056971276139,0.0125067244746068,0.0137208737738367,0.0131135550642035,0.0132014781121391,6.04676339362196,4.70999853487087,5.16168154575019,4.93584004031053,4.96854644224425
"171","W171",0.0118625011056334,0.00872851423868289,0.0118630686389245,0.0102941034675693,0.0107471411453209,2.18733245790953,1.61258460150552,2.18743631261829,1.90001045706191,1.98307983567088
"172","W172",0.0126151287536806,0.0146183529868665,0.00634422278490396,0.0104103247834983,0.00970148721669992,4.21747601728041,4.88082011575408,2.12987355472529,3.48515706106561,3.24960820000211
"173","W173",0.121968941377514,0.111801808360939,0.104654900122284,0.108213732587312,0.110756620524592,1.40344464167247,1.29549202919459,1.21922002648308,1.25735602783884,1.28462055777659
"174","W174",0.00610283387445171,0.00582948820161422,0.00576556775632024,0.00557529729260397,0.00564488770592616,1.07090390838811,1.02293053689356,1.01175182920417,0.978247690098065,0.990515102399995
"175","W175",0.0145946130589939,0.00507450986111614,0.00645139814910898,0.00570577769273889,0.0099977214830349,4.30217342759117,1.50490739694109,1.9120015649834,1.69180884738037,2.95629468268655
"176","W176",0.0191232413798232,0.0282383132211983,0.0158568539050303,0.0214968492123223,0.0159618126357801,2.39563800137428,3.55829755883101,1.98342185781395,2.69672113247757,1.9966424978805
"177","W177",0.0419605249883612,0.0341685372850633,0.0345324928804855,0.0343504591774913,0.0346563871946186,1.70074420363403,1.39217349509804,1.40666199140239,1.39941774325021,1.41158389497332
"178","W178",0.0559933448884972,0.0513897049784849,0.0559892315978627,0.0536926985881608,0.0519140639996016,6.23626301124631,5.7087724736208,6.23579037957628,5.97228142659853,5.76874357674758
"179","W179",0.00593857869131898,0.00368048033514647,0.00341909307266651,0.00354964893875289,0.00385419657414783,2.01278428601632,1.24958316135076,1.16025749151704,1.2049203264339,1.30863394902229
"180","W180",0.0102487287883942,0.00712181949964905,0.0102492237195973,0.0086838986435528,0.00933132868213464,2.1952415325586,1.52849334637419,2.19534684569984,1.86192009603701,1.99991660866097
"181","W181",0.0182569471142314,0.0145420950152971,0.0136788117131141,0.0141103355511339,0.0148694782177684,6.06732768308725,4.84336784659495,4.55811156473818,4.70073970566657,4.95149520593359
"182","W182",0.0612170335175065,0.0919521845174728,0.0618361376674644,0.0767542306880982,0.0734311689682603,4.89784287708103,7.21498843056777,4.94536293572648,6.08017568314713,5.82923240035835
"183","W183",0.023839575162057,0.0201001363758459,0.0200925415473195,0.0200963389529128,0.0206665683240561,6.17561820381006,5.21790230715197,5.21595281036589,5.21692755875894,5.36329861342558
"184","W184",0.0120842842335483,0.00385987616885217,0.004343750088946,0.00410176237083525,0.00855995901843123,5.16091426243198,1.65709367028645,1.86367232399917,1.76038299714281,3.66375552464236
"185","W185",0.0119113228659972,0.00425401781972565,0.00449713649849535,0.00431774890642051,0.0085780392375165,3.91582670021137,1.40540099238887,1.48536400023858,1.42646538596389,2.82653876534198
"186","W186",0.0148940873939225,0.0153270632691343,0.0153827980563514,0.0153549287387017,0.013822110911341,2.78766392442656,2.86776916152299,2.87807804339006,2.87292360245653,2.58914343409587
"187","W187",0.0181456343584993,0.0210692678765,0.0329272889443876,0.026446363916651,0.0192307748219059,1.44628983640469,1.67645393946221,2.60073263478388,2.09728996189154,1.5318115650733
"188","W188",0.0162492287501179,0.0162492287501179,0.0153576973585708,0.0158036503108436,0.0138119682096563,0.515154074014503,0.515154074014503,0.486534028198718,0.50084405110661,0.437034602407064
"189","W189",0.078974714562775,0.0761571335819606,0.0829939504272071,0.0795689053713467,0.0815077063670226,3.43162008508543,3.31494648044379,3.59737472183487,3.45616060113933,3.53615344279254
"190","W190",0.03401595388817,0.022115262849,0.0217290693434528,0.0219222231110745,0.0305424877048106,1.43577132120984,0.929317291930094,0.913171956239494,0.921244624084794,1.28629731688777
"191","W191",0.107868107284893,0.102560824735261,0.105497803326748,0.104028276325916,0.104890643318522,2.83485291971738,2.70368133322258,2.77635588441123,2.7400186088169,2.76135320618738
"192","W192",0.0384765575108551,0.0346597045325077,0.0361767353315304,0.0354185794622244,0.0360802350744756,0.901855169271268,0.809718257331207,0.846280405249484,0.827999331290346,0.843952674396841
"193","W193",0.0227050603448275,0.0223039388740979,0.0227035261701725,0.0224659737856196,0.0226808480468523,1.35513175445784,1.33104934864778,1.35503920794326,1.3407339412185,1.3536271432593
"194","W194",0.0334769517157465,0.0993426981100117,0.0334758323133846,0.0656965737831518,0.0430808413250759,0.431210410205416,1.22722029754538,0.431196285416436,0.829208291480909,0.551666394925299
"195","W195",0.0507355954694373,0.0479798609380234,0.026190216166736,0.0368833340176338,0.0345483565586981,1.64909728245279,1.56184509444279,0.861749410812286,1.20793328751597,1.13316156464484
"196","W196",0.0368806449723991,0.0608694179796553,0.0761991772732121,0.0684995210609761,0.0321440432959877,1.95828655615613,3.18807684782617,3.95641391431061,3.57224538106839,1.71170908826882
"197","W197",0.0147222936925774,0.0162619193731405,0.0515780625719761,0.0281905043432176,0.0151982462614715,0.66814492128477,0.737756985235897,2.27856559008705,1.26435236653934,0.689398470712356
"198","W198",0.0536753156879703,0.0601063496776751,0.0603009768614653,0.0602026940212724,0.0531952410273627,3.13634942544364,3.49923700382901,3.51026117375175,3.50474908879038,3.10910163324227
"199","W199",0.0513071808097943,0.149568237662341,0.149921425464485,0.149744807858617,0.0517481349478897,0.812006075049822,2.19818238635721,2.20281436816743,2.20049837726232,0.818852498694004
"200","W200",0.112148915938132,0.155915656363829,0.113415136998346,0.134404369517792,0.110685201737786,0.774476559485682,1.06820130983641,0.783190660677862,0.925695985257138,0.764415881614476
"201","W201",0.043574754130441,0.0508669511134334,0.0435680538012296,0.0472108871947373,0.0384783269060926,2.27013683914624,2.64006308324881,2.26979570587447,2.45492939456164,2.00989098425377
"202","W202",0.0136746720890462,0.021945860561182,0.0131730444386966,0.0172746261211295,0.0139125016597609,0.633435471456993,1.01091310777008,0.610410954182226,0.798204826000615,0.644342331473344
"203","W203",0.0806155317920149,0.0695621986163513,0.0457025713434234,0.0565069890133398,0.0852816475039423,3.91887386388827,3.34842112334509,2.14594491566504,2.68498498210069,4.16236541608554
"204","W204",0.00420608419465827,0.00737432549623344,0.00276552715977431,0.00402124339379065,0.00263497061613541,0.972431879668197,1.70075408187738,0.639795417931171,0.929753987854294,0.60951395835353
"205","W205",0.0760954890172384,0.0655409438392423,0.0769940451807119,0.0712473460050508,0.073182432441507,6.37152298818542,5.52366748411698,6.44290313096229,5.98328530753964,6.13796278550557
"206","W206",0.119422243150164,0.121787565429758,0.0944607145351003,0.101481677390809,0.109462690890337,1.46037267697286,1.48708795168011,1.17064894218786,1.25353189589736,1.34688132107204
"207","W207",0.235926486754644,0.20332854509353,0.22279492209196,0.212674426155107,0.234918545597116,12.288959990552,10.8349575972482,11.7073901803841,11.2562652027109,12.2428061662244
"208","W208",0.103904750691895,0.0844038173501446,0.10080020535387,0.0926521517764897,0.101327372090901,2.29324093961346,1.8512278359207,2.2214056230813,2.036316729501,2.23353611114954
"209","W209",0.0365265937450649,0.0429230954822791,0.043114334197309,0.043018720836603,0.0424240057969296,10.0425476196425,11.8624059340039,11.9170499024867,11.8897279182453,11.7198601105426
"210","W210",0.130553162530253,0.126237101505583,0.131989065960281,0.129108976733849,0.127820673922705,6.10086206512276,5.91320426440975,6.16311743322556,6.03816084881765,5.98168280652663
"211","W211",0.0550770174245492,0.0058171264494889,0.00578326607671515,0.0058001966239723,0.0382551396634836,40.6443263523046,4.4287065434869,4.40209710737581,4.41540182543134,28.5206132752095
"212","W212",0.0543638238912091,0.0525957086330157,0.0434017928194299,0.0477471079290886,0.0484715265264482,2.16045237175942,2.09273253972192,1.73773635818006,1.90620334136703,1.93411471770944
"213","W213",0.0684165519361004,0.139915399680209,0.0710715105139081,0.0978241900145048,0.0665096920444037,1.4695760905189,2.87433412079824,1.52432939071597,2.06215438578321,1.42999142486391
"214","W214",0.0299068373744933,0.0283532758517097,0.030877812201069,0.0244181166923552,0.0275883888955405,1.02920765119976,0.977470573762359,1.06222341220076,0.839992415314775,0.950010200860057
"215","W215",0.0306512832756371,0.0197137260482437,0.0307843750417715,0.0251572354801313,0.0314127658348434,4.70624167808009,3.04821214241874,4.7262714379948,3.87639014796979,4.82080510518139
"216","W216",0.0231254474884238,0.00798165855886877,0.0231764914660886,0.0138786148483566,0.0227152372858433,4.30475787313612,1.4990493092374,4.31411186687655,2.59888929887128,4.22956217436937
"217","W217",0.0131998686276953,0.0152399169194533,0.0145405532682705,0.0147624138056751,0.0143029214479324,0.406189590618718,0.470348788841822,0.448433160824951,0.455390493015741,0.44096149694968
"218","W218",0.0288187277267088,0.0295513295540455,0.0299917427648894,0.0297712546687582,0.029935846743869,0.976165272579621,1.00161654076369,1.01688328264043,1.00924991170206,1.01495867471543
"219","W219",0.020802567309987,0.0179368286822682,0.0202980299182993,0.0191165661869097,0.02064701535113,1.74199635197182,1.50494073980648,1.70032058979233,1.6026306647994,1.72914711550421
"220","W220",0.0126120883390463,0.00646665850443412,0.0070983927765969,0.00678227319989953,0.00663575670360486,1.71969491341404,0.885291909179971,0.971548352968051,0.928420131074014,0.908418413459419
"221","W221",0.0410384545494466,0.040156311718985,0.0392790525982524,0.0397183022990638,0.0391480060846602,1.96913235859946,1.92498583792934,1.88158591517884,1.90328587655409,1.87517697678515
"222","W222",0.0586205118700033,0.0586205118700033,0.055126827794291,0.0568732124800497,0.0564559519586308,2.61960837555523,2.61960837555523,2.46261159659514,2.54110998607519,2.5225105124827
"223","W223",0.0135285488406147,0.0127968840923486,0.0135126651600908,0.0131443813365098,0.0142481027393015,1.059258127354,1.00174297007782,1.05800721659022,1.02902964233891,1.1160399352936
"224","W224",0.121835707020716,0.148086178264533,0.212087699713814,0.179072190675078,0.119297673303321,2.46704297556969,2.90735759744808,4.02416123902115,3.46575941823462,2.42114066626692
"225","W225",0.0865942940331909,0.0847358968692327,0.062999328264228,0.0733493975817855,0.0846123107661802,0.952191133710066,0.933825664790671,0.714585116750771,0.820068138977175,0.932659139097939
"226","W226",0.110593587090731,0.0653030493014271,0.0652269869203153,0.0652071593302314,0.114116163108263,2.67843484087603,1.53650085588652,1.53372908713244,1.53364012822332,2.7698052243932
"227","W227",0.174889348306326,0.216605841900176,0.231030400712099,0.223790757151207,0.184023580753097,1.69839925677449,2.05023867775452,2.1691142450679,2.10967646141121,1.77654233301441
"228","W228",0.0606901855555317,0.0724112067209532,0.104528480832249,0.0883455730102927,0.0747464207854939,1.15010770116058,1.36178419622689,1.92980670580892,1.64579545101791,1.40374283438304
"229","W229",0.0581529261144326,0.0443993232504816,0.0410679776547175,0.0387748606547927,0.102752380574745,0.424969178737637,0.321854191074619,0.294526937002124,0.279494568853686,0.775043122544134
"230","W230",0.122377823784161,0.118268879530922,0.115889122999924,0.116215305388618,0.118581351461587,1.33251298984904,1.2940543900878,1.26722236548807,1.27243777629991,1.29625813316853
"231","W231",0.502328247000602,0.376762022515466,0.452170587829475,0.413733715014578,0.503910319313076,4.53885620260629,3.65136929611423,4.20116738512581,3.92626834062002,4.54883440630075
"232","W232",0.22630630788048,0.226397937560635,0.231751303834635,0.229070061045418,0.225942177058579,2.45795353955941,2.45886354818732,2.50683337558707,2.48284846188719,2.45467042717599
"233","W233",0.18365902683776,0.18277117880212,0.220928564703775,0.201301989184828,0.179539745738137,2.29714218193481,2.28782759956743,2.68142210858283,2.48108241468096,2.25380460391502
"234","W234",0.15753694258976,0.125661742659748,0.270297022491536,0.192451774313215,0.148181294777923,0.982665882875951,0.805043953382677,1.56500867527542,1.17031760342648,0.931182614932933
"235","W235",0.458611851008698,0.51632751222046,0.517003556852676,0.516665487789621,0.468469872063932,3.2975893325973,3.59546609297332,3.59891705731964,3.59719157514648,3.34917049935701
"236","W236",0.126645518862669,0.0953283293384853,0.158829611539039,0.12644615859143,0.125251899826258,1.9149930552762,1.47672873820861,2.3428249275545,1.90977683288156,1.8961371474395
"237","W237",0.106597815600268,0.108787739810996,0.124527841817632,0.116507118788515,0.1066947671257,1.14345577151532,1.16491835230428,1.31707722841164,1.2400330244394,1.14440919663579
"238","W238",0.450361640912758,0.434227126729253,0.439922313012466,0.437069909131554,0.44965966402446,6.0065015066143,5.84872049243071,5.90502199722696,5.87687124482884,5.99962101715547
"239","W239",0.181876972706815,0.176937792624146,0.194226580816822,0.185528033412766,0.181071026911114,1.9653575582801,1.91823843628469,2.07844787577487,1.99834315602978,1.95784685734127
"240","W240",0.20860514802069,0.212034306961445,0.173735750255977,0.192634902931633,0.211637729792112,3.40376191826659,3.45186282652827,2.89970746686452,3.17518682886014,3.44623488751593
"241","W241",0.24014010083683,0.19210054926411,0.239329443875487,0.215191538241444,0.228986641093137,2.99255129507758,2.44814460204881,2.981639772302,2.7148921871754,2.87490220664398
"242","W242",0.12428648977284,0.129533063572715,0.122718093969275,0.124978271846946,0.122707388210608,0.981394031669659,1.01739045288706,0.970477454853711,0.986177209161264,0.970408807749188
"243","W243",0.685392750600401,0.573670539303179,0.580645418854233,0.577147310854646,0.686267633493222,7.4637637056095,6.62606415308693,6.67435972457148,6.65021193882921,7.46975664743529
"244","W244",0.355822030281835,0.274531059690848,0.322202283619483,0.298056066317483,0.358150666754045,6.75896373686332,5.4589258923404,6.23614666415357,5.84753627824698,6.79350045625425
"245","W245",0.120580180103941,0.114092860066127,0.120119394905428,0.116930529671684,0.118745826610149,1.41096064291266,1.34178088318668,1.40606901527734,1.37215916278833,1.39146605609677
"246","W246",0.236247240181759,0.225825897300146,0.266108867246264,0.245766680933057,0.233485086037403,2.42341078206005,2.33167150288187,2.67825267767292,2.50496209027739,2.39947177132949
"247","W247",0.275287309476736,0.22144748905033,0.215996494464875,0.218708575281899,0.279987700067746,4.80559178504806,3.98721525046523,3.89755441720044,3.94238483383283,4.8744450009458
"248","W248",0.0437516720972865,0.0363946282832185,0.0193188286326535,0.027346703828498,0.0226097087637822,5.07769062276961,4.36227211220089,2.27379139845639,3.23962194192051,2.66152353540897
"249","W249",0.0318814004618659,0.0442370608436535,0.122330227590465,0.0752906132633268,0.028877813670833,11.4735354907524,15.8942357684078,41.4668626219397,26.4462014394811,10.3863885725577
"250","W250",0.0292084424258344,0.0212861642977361,0.0264482959937905,0.0238036299547794,0.0286766770552956,3.61825410809461,2.64239293089713,3.27548494468815,2.95097845094057,3.54979917912949
"251","W251",0.0397865023480444,0.0444957124734666,0.0476211060334616,0.0460570199838081,0.0370799823985714,9.53787564918624,10.6351723697982,11.3602512565842,10.9977118131912,8.90414669477457
"252","W252",0.0314720404746846,0.00383777369133724,0.029315215220714,0.0156908271639893,0.0267760310509008,8.36705492060381,1.02969783181463,7.8040700155396,4.212832552988,7.13912029352326
"253","W253",0.0225576110742877,0.0106171228442136,0.018526915470138,0.0144838852189906,0.0199942725440756,6.65454594900674,3.15511275337437,5.47790209498613,4.29328207870001,5.90688332644181
"254","W254",0.0112454942568881,0.00482345789995621,0.00855232693127427,0.00552029489132606,0.0101859471250597,4.16648491905408,1.78925707959168,3.16809123793727,2.04676934328063,3.77364193064928
"255","W255",0.027043521427047,0.0249173296994092,0.0198805311731304,0.022402814884371,0.031389450389593,3.15035234203825,2.89889691903781,2.30566270588316,2.60227981246048,3.6663635744699
"256","W256",0.124330203715154,0.130411323789765,0.137271010404188,0.133839519945733,0.126340582110812,2.49397783844548,2.62320636432232,2.76782039916883,2.69551338174557,2.53528906068538
"257","W257",0.00352079549490123,0.00270056965996912,0.0117799635452984,0.00715922893725857,0.00160851474899168,0.523286130324137,0.401635468006956,1.74101233546021,1.06130972740445,0.239449974889499
"258","W258",0.0517893973013016,0.0517893973013016,0.0517904925048106,0.0517899449032388,0.0526626497625594,5.42781341509102,5.42781341509102,5.42793254176958,5.42787297843029,5.52289941245739
"259","W259",0.0860891703943567,0.0909546856890575,0.0861907878954821,0.0874041252144923,0.0940973107897054,0.825064193036097,0.875492606745632,0.826098565093309,0.838384689879573,0.906606750614249
"260","W260",0.215411528704651,0.234494294079636,0.290487025369335,0.245807300617029,0.230357835914976,0.29761542132716,0.321785227575854,0.385222422852343,0.331226211114081,0.312957160655476
"261","W261",0.010057725713657,0.0100702703686843,0.0144774193903413,0.00939610684119208,0.0128550416677031,0.605115881465022,0.605938543441446,0.86820560842704,0.565048531184766,0.774957048288249
"262","W262",0.00162479927286752,0.00589194775693157,0.0039175079629141,0.00486834657471862,0.00974660700075599,0.582354258229646,2.10384987509003,1.40118311615865,1.73979651562525,3.51425844933757
"263","W263",0.223470469250503,0.224664011672119,0.224667018354619,0.224665515014646,0.222982018769767,4.4687099648108,4.49641728553364,4.49648713091664,4.49645220822514,4.45713313683438
"264","W264",0.0594945698904649,0.0611737931418831,0.0626659996517862,0.061918706063554,0.0644228308142544,0.906943475801624,0.932473554844519,0.954983368832384,0.943728461838451,0.981345828628505
"265","W265",0.0891050803560279,0.0889584469432551,0.0894888249940137,0.0892236727894402,0.0851205347607006,2.68441679503159,2.67977164846883,2.69657682469832,2.68817423658357,2.55848542469793
"266","W266",0.0709552131746913,0.0705906763921191,0.0706087409946669,0.0705997087356837,0.0675503283610059,2.00522832648358,1.99449944495613,1.99503101866872,1.99476523181243,1.90518809156437
"267","W267",0.1682995461251,0.166721336668716,0.166793707446284,0.166757520697281,0.171785476215166,2.71447050509572,2.69121189587156,2.69228011685527,2.69174600636341,2.76527474255586
"268","W268",0.0546943969538873,0.0562240323766466,0.0572761832891071,0.0567131675199405,0.0543991995985664,1.30026119785554,1.33804749059825,1.36408269598355,1.35014790270749,1.29299500581419
"269","W269",0.05447439995361,0.053340660872286,0.0533411789893493,0.053340919930868,0.051932057095509,1.18231213628722,1.15682137167264,1.15683301099924,1.15682719133594,1.12520938050817
"270","W270",0.0309424360782059,0.0316635437128042,0.0309435320966082,0.0313033144767709,0.0284272854903118,1.15961341015029,1.18625852439388,1.15965396997194,1.17295624718291,1.06622056799327
"271","W271",0.0326608863872862,0.0336683536661215,0.0326636924569678,0.0331658800363479,0.0291372180344022,1.2009184987547,1.23724119692801,1.20101975062022,1.21913047377411,1.07338852402703
"272","W272",0.0309811723283001,0.0313857913170552,0.030915260147664,0.0311505647834217,0.0281953843511946,4.25202232791704,4.30860711497064,4.24280785442987,4.27570748470026,3.86326346764198
"273","W273",0.0359951278203019,0.0184798408087775,0.0174476430761904,0.0179692370009126,0.0360264195268268,7.78148042406924,4.09015682957547,3.82871502380816,3.95943592669182,7.78810083982909
"274","W274",0.153516006683318,0.153516006683318,0.153514241141831,0.153515123912997,0.148446140743301,5.65713202363608,5.65713202363608,5.65706100974317,5.65709651668963,5.45352832485717
"275","W275",0.101722698440868,0.105367021044247,0.102193735496139,0.10378458951966,0.10444005868218,2.84514498047918,2.95387921666776,2.85914037742875,2.90650979704826,2.92606633683357
"276","W276",0.0307611234016947,0.0303661500133071,0.0281476699016865,0.0292559280661657,0.0292391918507472,1.73653120611823,1.71461480594449,1.59168984310256,1.65315232452352,1.65225065670542
"277","W277",0.0367695592911061,0.0367695592911061,0.0367355844656089,0.0367525717366691,0.0393311228298085,2.32330944893486,2.32330944893486,2.3212062203907,2.32225783466278,2.48161188843782
"278","W278",0.0540695835814838,0.0559961291393594,0.0569266612524852,0.0564615592805931,0.0542819421236349,1.26725393207161,1.3141482545929,1.33684776786782,1.32549801123036,1.27243397834961
"279","W279",0.0569839052406346,0.0568668232879074,0.0695334281231691,0.0625196196250037,0.0581057933518255,1.19069509329647,1.18815544996228,1.46588661664929,1.31142555474108,1.21507446241522
"280","W280",0.0133475768576287,0.0079780942183434,0.00853395825092617,0.00823573575722622,0.00900835822185483,1.96232406463553,1.1760815650877,1.25761830491245,1.21387604758502,1.32727277720242
"281","W281",0.050359924514701,0.0538325573933765,0.0531064950292199,0.0534694673155446,0.0532659986958726,1.7672697587336,1.88407226762754,1.85968990294365,1.8718810852856,1.86505444563517
"282","W282",0.011418507892774,0.00851160252786572,0.00767820424689179,0.00809511623430644,0.00717585252448662,0.470398045560333,0.350067615752238,0.315800657530338,0.332934136641288,0.294935654575966
"283","W283",0.0365722133750468,0.0382937630039219,0.0389645340229072,0.0386204530950282,0.0341966750261748,0.424621113252565,0.445303926032326,0.453398279559855,0.449243557651711,0.396217603456892
"284","W284",0.0415002869504126,0.0415002869504126,0.0414633491347388,0.0414818178036737,0.0422262394238934,1.30062218005714,1.30062218005714,1.29945331015969,1.30003774510842,1.32355754071767
"285","W285",0.0195599061786506,0.0195599061786506,0.0195599789299858,0.0195599425543107,0.0172483632534962,0.676783209620048,0.676783209620048,0.676785696165207,0.676784452892627,0.597456205396602
"286","W286",0.0185069689649182,0.0244582939461275,0.0482938393930518,0.0363914337211902,0.0262330659865026,2.07480993180835,2.75345619793819,5.5363856391139,4.13498405134666,2.95836405078951
"287","W287",0.0449914897150042,0.0449914897150042,0.0475970001702421,0.0462930469286557,0.0399784826186151,4.4247055283654,4.4247055283654,4.67286606072961,4.54878579454751,3.94465678463247
"288","W288",0.00746921575938834,0.00746921575938834,0.00746933771331768,0.00746927673633002,0.00666259915431592,1.91470162299698,1.91470162299698,1.91473294208258,1.91471728253978,1.70724630011124
"289","W289",0.0114184830244039,0.0128632158269186,0.0116493883491143,0.0122552519217394,0.0127289752128755,1.39309743007985,1.57012588178412,1.42127466624524,1.49544695038252,1.5536089278293
"290","W290",0.0463628027712048,0.0474130981175067,0.0450138430477322,0.0460305409536449,0.0441341510252827,2.72387755828895,2.78503362123569,2.64324015090178,2.70345620336101,2.59062246610568
"291","W291",0.0607287463761646,0.0607287463761646,0.0667764235873417,0.0637217599349987,0.0688233743664692,2.9301425021499,2.9301425021499,3.23536560555964,3.08091861393363,3.33930226173602
"292","W292",0.0618717694625758,0.0618717694625758,0.0733298020016298,0.0676190249408562,0.0708544090083709,3.92713580257637,3.92713580257637,4.68772261330745,4.30742920794191,4.52258079902201
"293","W293",0.16574009220595,0.202781606061681,0.144444431373306,0.167932306011656,0.182909254728402,0.761116027333331,0.896835766664267,0.679268164113048,0.769373137842353,0.824953465365103
"294","W294",0.179984564003649,0.175608786509745,0.175612606704606,0.175610696609583,0.176816879452351,1.98776057432024,1.93343045246564,1.9334777475979,1.93345410003177,1.94841832821702
"295","W295",0.06752377790564,0.06752377790564,0.0826069644727618,0.0750379417438335,0.110285427157689,0.437284248569662,0.437284248569662,0.529125936524568,0.483205092547114,0.69379976477279
"296","W296",0.230002312115289,0.11008801272711,0.119318875941684,0.114325504604896,0.119203691036328,1.69085479776534,0.725473306495827,0.79376391903936,0.757558234085347,0.792381810128373
"297","W297",0.193453406547323,0.119857074719695,0.121609933323577,0.120734666507757,0.11699256472771,1.20705354928648,0.697303233024951,0.708639499341099,0.702971366183025,0.678967027696154
"298","W298",0.170080877780825,0.133935910702679,0.128281661082764,0.125090494623924,0.134986728339136,1.06214618714619,0.802990835676822,0.761348409049214,0.741831550053815,0.802997759222224
"299","W299",0.221246096677223,0.0952477660421771,0.0974305858221619,0.0955304647341863,0.0999662911115343,1.71809107528451,0.669690558214463,0.687197810710914,0.672966062206476,0.705082353256792
"300","W300",0.16705574138912,0.111325338393364,0.10628267436552,0.106388627533599,0.106795998744125,1.20254646022647,0.771480982522622,0.733899546417535,0.735072688925741,0.737405165610163
"301","W301",0.113649071048781,0.0964037328793904,0.116650001378766,0.099290398519404,0.124256230334381,0.911079479432954,0.780600909861468,0.933699204127279,0.80114916949948,0.990468003258643
"302","W302",0.113036314634802,0.112428896036753,0.116001971819482,0.114188867444459,0.117423642721932,0.907153691773487,0.897223892209365,0.924202256840756,0.910713074525061,0.934619415862102
"303","W303",0.193558295892433,0.154740701992528,0.11185446619527,0.126118934104012,0.112391406352009,1.241057143094,0.95805509640384,0.662740872560079,0.758928092189051,0.666167474655021
"304","W304",0.242088180026122,0.128051915795655,0.128080704205127,0.128129761872186,0.125922727165176,1.71394850813156,0.815367323059166,0.813105307040438,0.814236315049802,0.796911874880627
"305","W305",0.187829670564591,0.194927410777792,0.137008703618779,0.163507468232327,0.14382261447138,1.26555390347891,1.32151056380573,0.883932867885693,1.07847754684404,0.932960410993451
"306","W306",0.207889967700667,0.171730634822176,0.13795341349044,0.149194314699084,0.137916725053787,1.36860989010989,1.09482673093394,0.845676908197145,0.927088638257178,0.845608382436166
"307","W307",0.223629436579212,0.109882318376666,0.107841274929955,0.105462259898955,0.107520478750915,1.59279636400916,0.716234762149679,0.701060787372637,0.684621642536361,0.698868292018659
"308","W308",0.154756677788361,0.119426537382852,0.113327806488419,0.10834478837835,0.113166817926335,1.00406127352009,0.742696051652671,0.704459269909805,0.67096723287406,0.703409492806436
"309","W309",0.097405716582632,0.100597363937101,0.120426833934072,0.108892251363156,0.127081251948044,0.851009145537008,0.878020740479119,1.03932556942013,0.94648665431051,1.09212743496415
"310","W310",0.0908693804654104,0.160487154135828,0.165246106179719,0.162862975457851,0.181462787092103,0.675570768248802,1.15865259973011,1.18958724720716,1.17411992346864,1.29340063035439
"311","W311",0.122863830943083,0.104462860498665,0.113617151152128,0.108981405706071,0.116740262856821,0.971035806616406,0.800166323666001,0.869115127040301,0.834640725353151,0.891919316411096
"312","W312",0.090806210070285,0.113954529226158,0.101205386601176,0.106641515085789,0.101706638300862,0.921342761641055,1.13761862464096,1.02061811449022,1.0710916297995,1.02531972827918
"313","W313",0.0675523579718144,0.0675523579718144,0.0705200514731038,0.069035139768791,0.0906039721075497,0.48543620024008,0.48543620024008,0.505605419185867,0.495520809712974,0.640442831300894
"314","W314",0.0809017676692487,0.102711221688739,0.0806831416039764,0.089643573821277,0.0825676369329945,0.74345028623535,0.923910356238308,0.736517637534793,0.813758814621952,0.752997963677947
"315","W315",0.135984519895133,0.0524642408474655,0.0875633170248987,0.0684536382907184,0.0855010747133243,1.13387063396448,0.410053413417947,0.701826069238759,0.539881500665955,0.684039551394924
"316","W316",0.0729486885289568,0.0760620362966905,0.0804557736724844,0.0780778001497085,0.0854261528654821,0.575123124024648,0.599541643548004,0.633502522311321,0.615191468141026,0.671383699078722
"317","W317",0.0868177201541405,0.076981433734021,0.0779847474334544,0.0774826371543149,0.0969776633998524,0.481363141987277,0.427031117679673,0.432630969634732,0.429831043657203,0.535823784556864
"318","W318",0.0673205333263662,0.0810882999549313,0.0789808205179889,0.0800340260162306,0.0997159501534666,0.502139836410139,0.598759671357369,0.584052753825583,0.591406212591476,0.72729607557533
"319","W319",0.0998459262198222,0.138076814862524,0.142271258900083,0.140170235744881,0.150883541557909,0.903470261989532,1.22243944110513,1.25633680654812,1.23938812382662,1.32528879477659
"320","W320",0.150034625233084,0.226990805055551,0.193068410783853,0.203754254105658,0.199888952340442,1.32406510366208,1.91012283219754,1.66585428444566,1.74657284419443,1.71754897794062
"321","W321",0.101581984432489,0.0938166519077375,0.0924928980885524,0.0914802206474014,0.0921216604369182,0.819056942628983,0.748537417116607,0.739875534907993,0.730703886025215,0.736747434405418
"322","W322",0.0930774940999259,0.106857968340542,0.124680557010271,0.115724664357234,0.128298823868156,0.851595650713046,0.966113290260121,1.11144277480344,1.03877803253178,1.14061988448507
"323","W323",0.199473984769867,0.185945724948911,0.278337217362231,0.229574707910822,0.279144141398868,1.54396746484587,1.45114575200632,2.06036880826826,1.74536147121698,2.06550149894078
"324","W324",0.145813672740608,0.200931071477132,0.251329213302239,0.225632762681093,0.237397315242005,1.32820078384643,1.7744169892581,2.15701761060374,1.96473780051374,2.05336783606722
"325","W325",0.119497779263163,0.113058265010622,0.13912077611384,0.126200540220398,0.129752496656699,0.823860514876678,0.776761859399046,0.97001778967071,0.873389824534878,0.899811867997801
"326","W326",0.10687941565349,0.122683059546413,0.141674961855565,0.131496498680838,0.133486749379413,0.934703077471157,1.06593036627542,1.22311890357536,1.13990948234279,1.15637128042438
"327","W327",0.124426206904165,0.119914486844811,0.157596850068803,0.13563364985852,0.162204682111935,1.02609530645967,0.990161776899581,1.28011287812324,1.11354626419592,1.31447046886351
"328","W328",0.10981787959354,0.110837789697459,0.159687043981145,0.130778219530686,0.173287314687182,0.670592722057272,0.675717074064935,0.960601102791523,0.795041538272197,1.03610472334128
"329","W329",0.0921653191429109,0.12624598340732,0.14437621756891,0.135223958499594,0.146193042375678,0.77817439547786,1.0526099937332,1.19273448716369,1.12267224044845,1.20654741543786
"330","W330",0.119567676850617,0.117956411385446,0.126631921353484,0.121854151899712,0.135358117553441,0.935388949557872,0.920531731943636,0.986287160496569,0.950379915148668,1.05061914733055
"331","W331",0.0936926533223787,0.0990311927469791,0.13718635652011,0.112763705100297,0.144682121042967,0.721779028955835,0.761851826295319,1.04146875045428,0.86491190438667,1.09453379891608
"332","W332",0.100125958799664,0.115760124256528,0.0916666812953463,0.102448010735221,0.087647687319535,0.860794983910562,0.977740621159531,0.786032128428247,0.872763992474685,0.753181552564733
"333","W333",0.0937528474779827,0.13936931321926,0.178177159418159,0.158503367468576,0.197635583807741,0.841169183577159,1.21668827883041,1.52009401974129,1.36839114928585,1.6667063364284
"334","W334",0.0713214231562792,0.0824169184886843,0.177764739878538,0.126922226402414,0.194166369282998,0.541642245338037,0.62291647650916,1.28325244458376,0.939809624727729,1.39009243598127
"335","W335",0.107223488230154,0.151219998573056,0.181200345079584,0.165224024925928,0.19086973164746,0.988846634015173,1.35703779772956,1.59592675946561,1.46985350323077,1.67095603999655
"336","W336",0.158569579851145,0.161506793819005,0.185107202083001,0.170638333922922,0.214362120377856,1.05225323975037,1.06124016627197,1.20426350561878,1.1180992572321,1.3716020540292
"337","W337",0.172943350825343,0.175124255688396,0.197321605416287,0.185727129502589,0.194810241988667,1.86167533334455,1.88242818707084,2.09237908096919,1.98349015360727,2.06892515774459
"338","W338",0.197367651062332,0.207336795002921,0.244331959505069,0.225606706838433,0.247686812475787,1.84174903308981,1.92266594349595,2.21598774113209,2.0688340593376,2.24202844209
"339","W339",0.202090487055763,0.118498181856961,0.0978421116422336,0.106251271802223,0.0951076561314595,1.64635226403234,0.896318242993953,0.726096516366135,0.79461267398696,0.704266890094756
"340","W340",0.0779546160319053,0.149137624704423,0.136495627944747,0.142758653727794,0.139000578402176,0.796352735805861,1.46162109929415,1.350422652311,1.40602187580257,1.37290849558017
"341","W341",0.128190740637033,0.116433914784145,0.107858564731965,0.111910223212414,0.109323715364224,1.19956216958942,1.05425310522002,0.985745902524258,1.01942067820212,0.998426106831701
"342","W342",0.0817282584575421,0.0807026755280173,0.0812592681881608,0.080632616500201,0.0810624806288091,0.715924073268107,0.706922447813927,0.711834058304407,0.706349263668308,0.710051456963774
"343","W343",0.119937673918753,0.124422040680344,0.145117186381431,0.12878379917583,0.15048065802371,0.919014139581443,0.951912872042201,1.10077935556555,0.984314112840846,1.13833598576534
"344","W344",0.197600644174494,0.1061752701776,0.11801359619979,0.110578973296452,0.11677833007699,1.55420478728749,0.762199380442547,0.853967605003807,0.797241596471215,0.844530799553084
"345","W345",0.128439810338788,0.118380847550571,0.111629614543614,0.11496562577636,0.124649060583272,1.00381632091059,0.904273160610239,0.855079176106028,0.879676168358133,0.950896427222828
"346","W346",0.159514456808086,0.116843296024348,0.102531719557004,0.108820261564994,0.100894634845231,1.17187466446026,0.828038229568814,0.717636773808445,0.765826015938188,0.705155484933659
"347","W347",0.141691884325574,0.117235966914753,0.109359942933309,0.106510084245489,0.110915865027355,1.0442698016918,0.847934624085772,0.784224292062689,0.764207240362356,0.795354263769689
"348","W348",0.128073567832642,0.133203105616014,0.131231013436429,0.124608538391626,0.133967961735042,1.02899786620886,1.07505290701879,1.0530717255182,0.99898516965834,1.07520045664999
"349","W349",0.0674538557338775,0.155407467046539,0.0691043847737735,0.111340199875172,0.113972929747127,0.506725077501086,1.10612966206987,0.518458879780225,0.81229427092505,0.829318181035138
"350","W350",0.14229893897346,0.276627788689273,0.115831119203471,0.170553476703884,0.118836491037193,0.541056627848711,0.958239002111317,0.429153522893665,0.622697528170688,0.439858543934309
"351","W351",0.157056997410269,0.16999196302351,0.152845127983173,0.161367032526959,0.160937057097171,0.879456446310879,0.929452135053315,0.839523289908225,0.88448771248077,0.882316349678837
"352","W352",0.0669963560769535,0.0307391962181456,0.0673310998482043,0.0428028863523698,0.118678738058714,0.687408599005557,0.326338087675493,0.690661624032089,0.44803979712122,1.17492714496449
"353","W353",0.270302267381789,0.111389193913961,0.137612895921237,0.119626778494637,0.12670647945023,2.52151794871795,0.915076071325839,1.15682170180087,0.990767765231864,1.05586197573271
"354","W354",0.164710041615566,0.164049584849525,0.165867247242079,0.164966954334468,0.168533434412499,1.14935167266561,1.14027201510608,1.15181381948243,1.14604291729425,1.17022835418843
"355","W355",0.0672713598580837,0.10691374068653,0.0927087381707396,0.0997847951334182,0.126321722851108,0.596754617092391,0.923512803805902,0.807888078768767,0.865700441287335,1.07801092633113
"356","W356",0.172456442176147,0.117697621747848,0.117734172451954,0.117715886712974,0.119259727319523,1.19514607580333,0.770653503281743,0.770876786288946,0.770765144785345,0.781753155589232
"357","W357",0.120372854193754,0.111526736289216,0.102405323240283,0.104997270100546,0.10341549341361,0.995094065652116,0.914704725464769,0.834490444362303,0.857053350191331,0.842834667308787
"358","W358",0.166424427693163,0.0908476177989158,0.0955765508184484,0.0916031890812481,0.0977793799236876,1.46775125144397,0.753739391729811,0.796748333040582,0.761788988418194,0.814974532503834
"359","W359",0.170306772088703,0.143128829966824,0.142742003025703,0.140291898664017,0.142114215468116,1.53779366135977,1.26762630494664,1.26537882970461,1.24416248724158,1.25997451453095
